{"type": "FeatureCollection", "features": [{"type": "Feature", "geometry": {"type": "Point", "coordinates": [151.702, -4.45258]}, "properties": {"title": "Qaqet", "family": "Other", "group": "bain1263", "marker-color": "#d9d9d9", "marker-size": "small"}}, {"type": "Feature", "geometry": {"type": "Point", "coordinates": [151.98, -4.46941]}, "properties": {"title": "Kairak", "family": "Other", "group": "bain1263", "marker-color": "#d9d9d9", "marker-size": "small"}}, {"type": "Feature", "geometry": {"type": "Point", "coordinates": [151.957, -4.88618]}, "properties": {"title": "Simbali", "family": "Other", "group": "bain1263", "marker-color": "#d9d9d9", "marker-size": "small"}}, {"type": "Feature", "geometry": {"type": "Point", "coordinates": [148.201, -2.21213]}, "properties": {"title": "Nauna", "family": "Austronesian", "group": "sout2879", "marker-color": "#e95e0d", "marker-size": "small"}}, {"type": "Feature", "geometry": {"type": "Point", "coordinates": [150.095, -5.55792]}, "properties": {"title": "Bola", "family": "Austronesian", "group": "will1243", "marker-color": "#b63c02", "marker-size": "small"}}, {"type": "Feature", "geometry": {"type": "Point", "coordinates": [150.101, -5.06134]}, "properties": {"title": "Bulu", "family": "Austronesian", "group": "will1243", "marker-color": "#b63c02", "marker-size": "small"}}, {"type": "Feature", "geometry": {"type": "Point", "coordinates": [152.933, -4.26666]}, "properties": {"title": "Guramalum", "family": "Austronesian", "group": "newi1242", "marker-color": "#fdb97d", "marker-size": "small"}}, {"type": "Feature", "geometry": {"type": "Point", "coordinates": [149.148, -5.55033]}, "properties": {"title": "Lusi", "family": "Austronesian", "group": "nger1241", "marker-color": "#fd8c3b", "marker-size": "small"}}, {"type": "Feature", "geometry": {"type": "Point", "coordinates": [150.911, -5.954]}, "properties": {"title": "Lote", "family": "Austronesian", "group": "nger1241", "marker-color": "#fd8c3b", "marker-size": "small"}}, {"type": "Feature", "geometry": {"type": "Point", "coordinates": [151.033, -5.84776]}, "properties": {"title": "Mamusi", "family": "Austronesian", "group": "nger1241", "marker-color": "#fd8c3b", "marker-size": "small"}}, {"type": "Feature", "geometry": {"type": "Point", "coordinates": [148.68, -5.55778]}, "properties": {"title": "Amara", "family": "Austronesian", "group": "nger1241", "marker-color": "#fd8c3b", "marker-size": "small"}}, {"type": "Feature", "geometry": {"type": "Point", "coordinates": [149.321, -5.87071]}, "properties": {"title": "Lamogai", "family": "Austronesian", "group": "nger1241", "marker-color": "#fd8c3b", "marker-size": "small"}}, {"type": "Feature", "geometry": {"type": "Point", "coordinates": [149.158, -5.71155]}, "properties": {"title": "Mouk-Aria", "family": "Austronesian", "group": "nger1241", "marker-color": "#fd8c3b", "marker-size": "small"}}, {"type": "Feature", "geometry": {"type": "Point", "coordinates": [150.182, -6.22711]}, "properties": {"title": "Akolet", "family": "Austronesian", "group": "nger1241", "marker-color": "#fd8c3b", "marker-size": "small"}}, {"type": "Feature", "geometry": {"type": "Point", "coordinates": [150.427, -6.24342]}, "properties": {"title": "Avau", "family": "Austronesian", "group": "nger1241", "marker-color": "#fd8c3b", "marker-size": "small"}}, {"type": "Feature", "geometry": {"type": "Point", "coordinates": [149.96, -6.29002]}, "properties": {"title": "Apalik", "family": "Austronesian", "group": "nger1241", "marker-color": "#fd8c3b", "marker-size": "small"}}, {"type": "Feature", "geometry": {"type": "Point", "coordinates": [149.478, -6.02464]}, "properties": {"title": "Gimi", "family": "Austronesian", "group": "nger1241", "marker-color": "#fd8c3b", "marker-size": "small"}}, {"type": "Feature", "geometry": {"type": "Point", "coordinates": [148.825, -5.86129]}, "properties": {"title": "Solong", "family": "Austronesian", "group": "nger1241", "marker-color": "#fd8c3b", "marker-size": "small"}}, {"type": "Feature", "geometry": {"type": "Point", "coordinates": [149.571, -6.23575]}, "properties": {"title": "Aiklep", "family": "Austronesian", "group": "nger1241", "marker-color": "#fd8c3b", "marker-size": "small"}}, {"type": "Feature", "geometry": {"type": "Point", "coordinates": [149.696, -6.08192]}, "properties": {"title": "Kaulong", "family": "Austronesian", "group": "nger1241", "marker-color": "#fd8c3b", "marker-size": "small"}}, {"type": "Feature", "geometry": {"type": "Point", "coordinates": [149.784, -6.16474]}, "properties": {"title": "Sengseng", "family": "Austronesian", "group": "nger1241", "marker-color": "#fd8c3b", "marker-size": "small"}}, {"type": "Feature", "geometry": {"type": "Point", "coordinates": [150.272, -5.99488]}, "properties": {"title": "Aighon", "family": "Austronesian", "group": "nger1241", "marker-color": "#fd8c3b", "marker-size": "small"}}, {"type": "Feature", "geometry": {"type": "Point", "coordinates": [149.557, -5.88037]}, "properties": {"title": "Miu", "family": "Austronesian", "group": "nger1241", "marker-color": "#fd8c3b", "marker-size": "small"}}, {"type": "Feature", "geometry": {"type": "Point", "coordinates": [149.907, -6.15563]}, "properties": {"title": "Karore", "family": "Austronesian", "group": "nger1241", "marker-color": "#fd8c3b", "marker-size": "small"}}, {"type": "Feature", "properties": {"title": "Anem", "fill": "#f0f0f0", "family": "Other", "cldf:languageReference": "anem1249", "fill-opacity": 0.9, "group": "anem1249", "stroke": "#000"}, "geometry": {"coordinates": [[[148.92715996079664, -5.483920915927271], [148.96163940429688, -5.473610877990723], [148.97329711914062, -5.47166633605957], [148.98577880859375, -5.473055839538574], [149.0758118285418, -5.556635744461938], [149.1644074736611, -5.599853132325019], [149.22076416015625, -5.606111526489258], [149.19775035150823, -5.646995632458005], [149.14279877972956, -5.6430705201881], [149.08229443672124, -5.638748781401793], [149.0239509631061, -5.595531393538711], [148.96992922827724, -5.571761830214016], [148.92715996079664, -5.483920915927271]]], "type": "Polygon"}}, {"type": "Feature", "properties": {"title": "Bariai", "fill": "#fd8c3b", "family": "Austronesian", "cldf:languageReference": "bari1286", "fill-opacity": 0.9, "group": "nger1241", "stroke": "#000"}, "geometry": {"coordinates": [[[148.53386578473874, -5.572626177971283], [148.5485596966122, -5.565279222034555], [148.56803412302378, -5.503725825376906], [148.6182861328125, -5.505000114440918], [148.78401412950933, -5.499968251992325], [148.79057706864546, -5.54150965870986], [148.76464663592762, -5.584727046572941], [148.69765968473982, -5.619300956863406], [148.6328336029452, -5.63226617322233], [148.5723292599369, -5.623622695649714], [148.53559448025328, -5.602014001718174], [148.53386578473874, -5.572626177971283]]], "type": "Polygon"}}, {"type": "Feature", "properties": {"title": "Bebeli", "fill": "#fd8c3b", "family": "Austronesian", "cldf:languageReference": "bebe1252", "fill-opacity": 0.9, "group": "nger1241", "stroke": "#000"}, "geometry": {"coordinates": [[[150.2124291293408, -5.714379210162184], [150.22995125287497, -5.631010044094284], [150.28589868870804, -5.604174871111327], [150.28663635253906, -5.570555686950684], [150.29872131347656, -5.567777633666992], [150.30691528320312, -5.5588884353637695], [150.32205200195312, -5.535763740539551], [150.34524536132812, -5.51472282409668], [150.37332610019618, -5.491286225810539], [150.39826389715205, -5.550153136282475], [150.3917812889726, -5.599853132325018], [150.4285160686562, -5.6430705201880995], [150.4384142180002, -5.711087921940798], [150.4004247665452, -5.7424705122731865], [150.35072477050267, -5.783527030743114], [150.2686117335628, -5.781366161349959], [150.22755521509288, -5.759757467418419], [150.2124291293408, -5.714379210162184]]], "type": "Polygon"}}, {"type": "Feature", "geometry": {"type": "Polygon", "coordinates": [[[152.354, -4.39732], [152.35361570560806, -4.401221806440322], [152.35247759065024, -4.404973668647301], [152.35062939224605, -4.408431404660392], [152.34814213562373, -4.41146213562373], [152.3451114046604, -4.41394939224605], [152.3416536686473, -4.415797590650225], [152.33790180644033, -4.416935705608064], [152.334, -4.417319999999999], [152.33009819355968, -4.416935705608064], [152.3263463313527, -4.415797590650225], [152.3228885953396, -4.41394939224605], [152.31985786437627, -4.41146213562373], [152.31737060775396, -4.408431404660392], [152.31552240934977, -4.404973668647301], [152.31438429439194, -4.401221806440322], [152.314, -4.39732], [152.31438429439194, -4.393418193559677], [152.31552240934977, -4.389666331352698], [152.31737060775396, -4.386208595339608], [152.31985786437627, -4.383177864376269], [152.3228885953396, -4.380690607753949], [152.3263463313527, -4.378842409349774], [152.33009819355968, -4.377704294391935], [152.334, -4.37732], [152.33790180644033, -4.377704294391935], [152.3416536686473, -4.378842409349774], [152.3451114046604, -4.380690607753949], [152.34814213562373, -4.383177864376269], [152.35062939224605, -4.386208595339608], [152.35247759065024, -4.389666331352698], [152.35361570560806, -4.393418193559677], [152.354, -4.39732]]]}, "properties": {"cldf:languageReference": "bilu1244", "title": "Bilur", "family": "Austronesian", "group": "newi1242", "stroke": "#000", "fill": "#fdb97d", "fill-opacity": 0.9}}, {"type": "Feature", "properties": {"title": "Butam", "fill": "#242424", "family": "Other", "cldf:languageReference": "buta1242", "fill-opacity": 0.9, "group": "taul1250", "stroke": "#000"}, "geometry": {"coordinates": [[[152.1701767995384, -4.40921409669713], [152.25126737431367, -4.393224405896374], [152.24050873291324, -4.4650155816705634], [152.2089531019179, -4.467973922076376], [152.1743664641827, -4.471216419364051], [152.1701767995384, -4.40921409669713]]], "type": "Polygon"}}, {"type": "Feature", "properties": {"title": "Ura", "fill": "#d9d9d9", "family": "Other", "cldf:languageReference": "urap1240", "fill-opacity": 0.9, "group": "bain1263", "stroke": "#000"}, "geometry": {"coordinates": [[[151.89416252148163, -4.520346508876076], [151.90871160296678, -4.504292349995909], [152.01243333383815, -4.461074962132828], [152.07509854623962, -4.480522786671214], [152.14424636682057, -4.474040178491752], [152.1743664641827, -4.471216419364051], [152.16369419135896, -4.582083648149455], [152.12695941167533, -4.759274938388089], [152.0599724604876, -4.716057550525007], [151.9648942071888, -4.623140166619382], [151.89416252148163, -4.520346508876076]]], "type": "Polygon"}}, {"type": "Feature", "properties": {"title": "Kandas", "fill": "#fdb97d", "family": "Austronesian", "cldf:languageReference": "kand1301", "fill-opacity": 0.9, "group": "newi1242", "stroke": "#000"}, "geometry": {"coordinates": [[[152.66497802734375, -4.468889236450195], [152.67227172851562, -4.4495134353637695], [152.69219970703125, -4.393611907958984], [152.69775390625, -4.361527442932129], [152.69370632315233, -4.195141566340601], [152.75355820878013, -4.214666576124057], [152.79841729013867, -4.243422397507729], [152.84672707006322, -4.3043847388411125], [152.8927363842771, -4.375699175872618], [152.8950368499878, -4.433210818639961], [152.87203219288085, -4.473468968577102], [152.82027171439026, -4.496473625684039], [152.7501075102141, -4.505675488526814], [152.68136596679688, -4.522222518920898], [152.66497802734375, -4.468889236450195]]], "type": "Polygon"}}, {"type": "Feature", "properties": {"title": "Kara", "fill": "#fdb97d", "family": "Austronesian", "cldf:languageReference": "kara1486", "fill-opacity": 0.9, "group": "newi1242", "stroke": "#000"}, "geometry": {"type": "Polygon", "coordinates": [[[151.0094399868695, -2.792381335717298], [151.0095407464676, -2.7923286122419815], [151.0548083567664, -2.771444581637621], [151.05489850671813, -2.771408167869123], [151.05496330280133, -2.771381465438455], [151.05503336460163, -2.77135201693403], [151.0952648437598, -2.756717477213984], [151.095379133782, -2.7566821428204866], [151.09547901368336, -2.7567479815159692], [151.1898962981992, -2.8258549330333245], [151.19025633611287, -2.8260952359548632], [151.19063580908374, -2.8263034979478983], [151.26461929514468, -2.8628329220875224], [151.2647177617988, -2.862887717559493], [151.2646227971141, -2.8629483800219093], [151.22774673892158, -2.8840269448911884], [151.22735350326346, -2.8842767179417024], [151.22698522075007, -2.8845620052528473], [151.22664508838088, -2.884880330292727], [151.2263360587887, -2.88522892973439], [151.2260608146082, -2.8856047774438176], [151.22582174518854, -2.8860046107492905], [151.22562092585176, -2.8864249587641035], [151.22546009987727, -2.8868621725167536], [151.21918420581295, -2.9067358370536924], [151.21916522026427, -2.9067871271817274], [151.2191422339948, -2.906849225397806], [151.21910841744852, -2.9069044947263456], [151.20147542275015, -2.9320192240712037], [151.20140293926647, -2.9321122837682485], [151.20130398032236, -2.9320478229267644], [151.15067766303213, -2.8953753693508126], [151.15042283840836, -2.8951636437200445], [151.12255844726326, -2.868697677775909], [151.1224720859155, -2.868606944477548], [151.12240564844817, -2.868500751837599], [151.11335195638316, -2.8522630273933856], [151.11311286485727, -2.8518766175232346], [151.11283968018617, -2.8515135094387998], [151.11253465862768, -2.8511767020838232], [151.1122003193835, -2.850868977181848], [151.11183942379276, -2.850592876261711], [151.11145495252606, -2.850350679666819], [151.00953594051623, -2.7924423697991285], [151.0094399868695, -2.792381335717298]]]}}, {"type": "Feature", "properties": {"title": "Kol", "fill": "#bdbdbd", "family": "Other", "cldf:languageReference": "kolp1236", "fill-opacity": 0.9, "group": "kolp1236", "stroke": "#000"}, "geometry": {"type": "Polygon", "coordinates": [[[151.37282402055519, -5.050991027368323], [151.3728880467593, -5.0508929374850515], [151.40339785650477, -5.008816740270195], [151.4034703807885, -5.0087260874769655], [151.40358537003542, -5.008710113318898], [151.46141163858388, -5.003453179814494], [151.5370055105184, -4.9965810096386285], [151.60402901853203, -4.990487963455573], [151.6739874652762, -4.984128104660648], [151.67451135753086, -4.984052342240028], [151.67502430425918, -4.98392161851326], [151.67552055629193, -4.983737398647768], [151.675994551576, -4.983501747402195], [151.6764409775146, -4.983217305984343], [151.72062013092457, -4.951660767834374], [151.72071687034466, -4.951598330183559], [151.72082769388112, -4.951629557085052], [151.75301278414062, -4.962357920504885], [151.75312419372793, -4.962401227625613], [151.75316158543293, -4.962514759397712], [151.7704159618049, -5.025061873746037], [151.79065920563735, -5.098443632638623], [151.79586763405612, -5.117324185656596], [151.79601942805334, -5.117785684800736], [151.79621529383866, -5.118230273905156], [151.79645338225984, -5.118653755641867], [151.7967314455443, -5.119052131955745], [151.7970468585202, -5.119421641809829], [151.7973966434004, -5.119758796692958], [151.79777749789554, -5.1200604135545005], [151.79818582639064, -5.120323644855275], [151.7986177738911, -5.120546005450915], [151.79906926241716, -5.120725396053918], [151.79953602950405, -5.120860123052827], [151.80001366844328, -5.120948914501485], [151.8416095832914, -5.126607082800928], [151.8417221607519, -5.126627759283646], [151.8418067668056, -5.126704850250884], [151.8675702091649, -5.152468292610188], [151.8676490354074, -5.1525550747495785], [151.86763422472248, -5.152671373330126], [151.86119434407817, -5.18916403031445], [151.8611663774991, -5.189286224767962], [151.86112627500805, -5.18940499094271], [151.82892812532268, -5.270973636812331], [151.8287796535666, -5.271406893301921], [151.82867144846918, -5.271851917688912], [151.81147248027483, -5.359996629684917], [151.7963171825266, -5.437667530644552], [151.79629080232405, -5.437776399521965], [151.7962453457565, -5.4378787813960345], [151.78913680826122, -5.4521233962068125], [151.78907673317508, -5.452229886469861], [151.78895604808588, -5.4522102828666785], [151.72607411393173, -5.438689912622589], [151.7256643305179, -5.4386194875891505], [151.72525011263463, -5.438583353439881], [151.66013738764792, -5.435623684122305], [151.66002049346986, -5.435612641781193], [151.65999615409388, -5.435497777613695], [151.64294287517785, -5.329857249229575], [151.6429298793616, -5.329744099769595], [151.6429272635566, -5.329630236478235], [151.64508219052385, -5.234813449918959], [151.64509413586242, -5.234667421172973], [151.6451231597503, -5.234523808152184], [151.67028596792613, -5.139286172547553], [151.67038952146407, -5.13879596805706], [151.6704434960865, -5.138297861122907], [151.67044734983688, -5.137796853212463], [151.67040104401985, -5.137297974921665], [151.67030504358993, -5.136806235463038], [151.6701603124827, -5.136326572368446], [151.6699683039361, -5.13586380191157], [151.6697309458986, -5.135422570747941], [151.66945062167065, -5.135007309258102], [151.66913014597412, -5.134622187062368], [151.6687727366898, -5.134271071153879], [151.66838198254683, -5.1339574870703055], [151.66796180708846, -5.133684583494098], [151.66751642927593, -5.1334551006367235], [151.66705032112608, -5.133271342724333], [151.66656816280806, -5.133135154861141], [151.66607479564996, -5.133047904502823], [151.6655751735273, -5.133010467725961], [151.66507431312138, -5.133023220431402], [151.66457724354703, -5.133086034569852], [151.6640889558556, -5.133198279427623], [151.61656919137863, -5.146660948254956], [151.5500072837032, -5.165518384301051], [151.47528430346068, -5.18668790708528], [151.47516683741713, -5.186714871614184], [151.4751216411927, -5.186603145795722], [151.4700551161565, -5.172000992480514], [151.44715830994508, -5.106010462020312], [151.44696776952614, -5.105539926342413], [151.44673049921113, -5.105091136555267], [151.4464489448724, -5.104668718954097], [151.4461260088788, -5.104277027979639], [151.44576502017694, -5.103920101330914], [151.4453696999752, -5.103601618343102], [151.3729153624432, -5.051064359758451], [151.37282402055519, -5.050991027368323]]]}}, {"type": "Feature", "properties": {"title": "Konomala", "fill": "#fdb97d", "family": "Austronesian", "cldf:languageReference": "kono1269", "fill-opacity": 0.9, "group": "newi1242", "stroke": "#000"}, "geometry": {"type": "Polygon", "coordinates": [[[152.6689817359856, -4.137909248737758], [152.66909597587727, -4.137877696690927], [152.75808047802025, -4.118064531086904], [152.75808748398123, -4.118063498564604], [152.7582128531555, -4.118043392362986], [152.7582348212572, -4.11803958249475], [153.00680082103747, -4.0936241593201785], [153.0069246049431, -4.093618335885617], [153.00700458822035, -4.0937129881072005], [153.1239037390134, -4.247264083894526], [153.12397258917605, -4.2473643143971005], [153.1240313437103, -4.247470777551603], [153.13297170075936, -4.265722750152799], [153.13302001720862, -4.2658351439263775], [153.13302126338215, -4.265957476615006], [153.12808706153083, -4.391475519369319], [153.12807759284064, -4.391582816849935], [153.12800700587408, -4.391501454170386], [153.1199341723657, -4.381224876473142], [153.11962373259152, -4.380866126809634], [153.1192806889948, -4.380538414641428], [153.11890812998564, -4.3802446903503505], [153.11850940970058, -4.379987598326493], [153.11808811780514, -4.379769453160852], [153.0474328319373, -4.347337518664133], [153.04715743078282, -4.347189576525053], [152.98554771882655, -4.308941686844928], [152.98515727675579, -4.308722875438822], [152.98474883170138, -4.308539856096626], [152.92471259139822, -4.2848045983023475], [152.87515550785488, -4.265212262948001], [152.87470670093103, -4.2650590128927615], [152.87424539344184, -4.2649489736508235], [152.87377573555372, -4.2648831351934575], [152.87330195255765, -4.26486208983828], [152.87282830685626, -4.264886026920448], [152.81969695004042, -4.270106296530749], [152.81957539868873, -4.270112136357524], [152.81949515232625, -4.270020652173033], [152.7989353951372, -4.2440761966725775], [152.79857006118763, -4.243664023179504], [152.7981616095017, -4.24329453285035], [152.79771499632824, -4.242972209167716], [152.75409719989403, -4.215012083248344], [152.7537305271332, -4.214798428881926], [152.75334705737978, -4.214616637655403], [152.75294955310542, -4.214468019171689], [152.74008779243962, -4.210272228175335], [152.69381888579707, -4.195178286766642], [152.69371165687974, -4.195137596053963], [152.69370344373033, -4.1950232006042265], [152.69353902358526, -4.188264305405174], [152.69349580633224, -4.18771884661738], [152.69339324574253, -4.187181376296734], [152.69323257005306, -4.18665833103774], [152.69301570347108, -4.1861559746843815], [152.66902918293704, -4.138017853854077], [152.6689817359856, -4.137909248737758]]]}}, {"type": "Feature", "properties": {"title": "Kove", "fill": "#fd8c3b", "family": "Austronesian", "cldf:languageReference": "kove1237", "fill-opacity": 0.9, "group": "nger1241", "stroke": "#000"}, "geometry": {"coordinates": [[[149.4481035757164, -5.666047551456421], [149.4590980138887, -5.559453608360556], [149.54913330078125, -5.53861141204834], [149.56692504882812, -5.528888702392578], [149.5819091796875, -5.523333549499512], [149.61135864257812, -5.518610954284668], [149.66830444335938, -5.519444465637207], [149.6846923828125, -5.560346603393555], [149.71078491210938, -5.5625], [149.87802124023438, -5.535694122314453], [149.88748168945312, -5.5316667556762695], [149.9163818359375, -5.511944770812988], [149.9285888671875, -5.5036115646362305], [149.9185508918719, -5.55231400567563], [149.91322634011868, -5.578147767930358], [149.85588567947042, -5.595531393538711], [149.7439689281774, -5.6294605265794875], [149.60522482986454, -5.649553128367563], [149.52515639483914, -5.651086555932625], [149.48853788263423, -5.658196605940179], [149.4481035757164, -5.666047551456421]]], "type": "Polygon"}}, {"type": "Feature", "properties": {"title": "Kuanua", "fill": "#fdb97d", "family": "Austronesian", "cldf:languageReference": "kuan1248", "fill-opacity": 0.9, "group": "newi1242", "stroke": "#000"}, "geometry": {"type": "MultiPolygon", "coordinates": [[[[151.85685656117104, -4.320617030141795], [151.85686751943575, -4.320500602361181], [151.86384350305423, -4.271512467859871], [151.86386366719492, -4.271408363479215], [151.86391042657556, -4.271503536348335], [151.869761205786, -4.285083743406352], [151.86998761038097, -4.285542990946307], [151.87025979521215, -4.285976676040883], [151.88107515036063, -4.301395253381483], [151.88138188459138, -4.30178913895932], [151.88172636881416, -4.302150473094132], [151.8948145305353, -4.314573272038437], [151.89512371392087, -4.314843490304481], [151.89545402758208, -4.315087427104576], [151.89580324372136, -4.315303437209142], [151.90410538481765, -4.319978740893537], [151.9041823822951, -4.320023931287691], [151.9492610049626, -4.347574815921176], [151.9551168618885, -4.351153763747192], [151.95552673986532, -4.351378653946017], [151.95595583122451, -4.351564277659039], [151.95640038441084, -4.351709011973995], [151.95685651268585, -4.351811591475542], [151.95732022810984, -4.351871119308811], [151.99059688457655, -4.354569226589896], [151.99111016610334, -4.354584388695404], [151.99162229581873, -4.3545468258174065], [151.9921278720281, -4.354456934150832], [151.99262156216, -4.354315661829168], [151.9930981590115, -4.354124498924007], [151.99355263567136, -4.353885461728502], [151.99398019854127, -4.353601071490491], [152.02254185711132, -4.332410163519153], [152.02290099370674, -4.332116941184322], [152.02323142586053, -4.331791713535476], [152.04623594301344, -4.306946835010321], [152.0465549082477, -4.306566034491529], [152.0468345145479, -4.306155463946201], [152.04707200222376, -4.305719175670405], [152.04726502729233, -4.305261475792005], [152.04741168461274, -4.304786881769543], [152.04751052668982, -4.3043000778053155], [152.04756057796072, -4.303805868612698], [152.04924983946856, -4.270865269210149], [152.04925159456758, -4.270390008925287], [152.04920821801042, -4.269916728994349], [152.049120101705, -4.269449705509438], [152.0489880417836, -4.268993158035564], [152.04881323140984, -4.2685512114868], [152.04859724999835, -4.268127858857617], [152.04834204894482, -4.26772692514611], [152.04804993399506, -4.267352032795078], [152.04772354441252, -4.2670065689631915], [152.0473658291325, -4.266693654921959], [152.04698002011864, -4.266416117854984], [152.04656960316174, -4.266176465314314], [152.04613828638597, -4.26597686256467], [152.01813097934388, -4.254598894078823], [152.01800919909303, -4.254541519977822], [152.01791224568123, -4.254448126975533], [151.99157189817458, -4.226156642616546], [151.99149651881356, -4.226067279665665], [151.99157779142502, -4.225983240700142], [152.00711279970474, -4.211419170437895], [152.00720416986417, -4.211341537268848], [152.00732404269502, -4.21133910429246], [152.0414656568738, -4.212314578983283], [152.04157440100005, -4.212322463567292], [152.04168010445602, -4.212349188668539], [152.07011164639638, -4.220878651250654], [152.07057500334977, -4.22099385734948], [152.07104723646552, -4.221064341361072], [152.07152403950434, -4.2210894605498686], [152.07200106455443, -4.2210689858568875], [152.10330911008703, -4.218222799899381], [152.10344685224177, -4.218217937226502], [152.1035842880239, -4.218228327248676], [152.12653988915747, -4.221248801082039], [152.13588746096983, -4.222478744741558], [152.13637153312186, -4.22251864332517], [152.13685719253237, -4.2225113850650215], [152.1373398561744, -4.222457038455208], [152.13781496929127, -4.222356116348915], [152.13827804837834, -4.222209571118773], [152.13872472349263, -4.222018785669594], [152.13915077949073, -4.221785560388298], [152.13955219580583, -4.221512096154187], [152.1399251843886, -4.221200973569882], [152.14026622545407, -4.220855128608928], [152.14057210069666, -4.220477824909863], [152.14083992366045, -4.220072622978205], [152.14106716697785, -4.219643346587001], [152.14125168621965, -4.219194046692984], [152.14139174013127, -4.218728963208873], [152.1414860070646, -4.218252484992548], [152.14552133164935, -4.190948108875776], [152.1455435854491, -4.190834376279134], [152.14557630457293, -4.190723201669567], [152.15070257007062, -4.175888885688175], [152.15088514743417, -4.175208682103795], [152.15357039620022, -4.161376700135812], [152.15360125589152, -4.1612523834803365], [152.15365692306145, -4.161137022665919], [152.15909018686736, -4.151218797364998], [152.1591536789384, -4.151115298362409], [152.15925195113604, -4.151043983134336], [152.16861958588046, -4.1449244860951096], [152.1687175990559, -4.144866742024235], [152.16883060234574, -4.144879827005933], [152.18139157263485, -4.146926793002482], [152.18150155883413, -4.146949869581102], [152.18160132106013, -4.147001609225707], [152.2145858212456, -4.166050158082819], [152.21468672416174, -4.166115170079681], [152.21474552606145, -4.16621981373594], [152.23520351174574, -4.207170933018281], [152.2352530268912, -4.2072760956169875], [152.23936436357909, -4.216562239750997], [152.23940532521303, -4.216667436108112], [152.23941642079512, -4.21677977940798], [152.24077715108513, -4.242446082027409], [152.2407775788323, -4.242566182348314], [152.24067753252714, -4.242632627866388], [152.22700001786447, -4.2507729096870985], [152.22689752793443, -4.250827505913616], [152.22678557192745, -4.250796671093121], [152.20672748528614, -4.24423535232168], [152.19771293039003, -4.241286548215201], [152.1976055945106, -4.241245765305928], [152.19756489473392, -4.241138397876583], [152.19162630415227, -4.2229363147545165], [152.19144656679373, -4.222466875592942], [152.19122060267605, -4.222017855702514], [152.19095069565154, -4.221593793392727], [152.19063957370977, -4.2211989747231655], [152.19029038140562, -4.220837390183677], [152.1899066480766, -4.220512694361915], [152.1894922521714, -4.220228169005884], [152.18905138204983, -4.219986689854835], [152.1885884936505, -4.219790697573746], [152.18310471581438, -4.217787495176699], [152.18263833429683, -4.217642522390704], [152.18216003381525, -4.217543742443754], [152.1816743779078, -4.217492097810454], [152.18118600029186, -4.21748808124016], [152.18069956065304, -4.217531731055583], [152.18021970018646, -4.217622630787152], [152.1797509973143, -4.217759913146605], [152.17929792400244, -4.217942268301926], [152.17886480309272, -4.218167956374654], [152.17845576705813, -4.218434824040323], [152.17807471857404, -4.218740325073666], [152.17772529328244, -4.219081544642538], [152.17741082510352, -4.219455227118778], [152.17713431442638, -4.219857807140653], [152.17323670961318, -4.226172588709373], [152.17301838096327, -4.226564661090021], [152.17283608574647, -4.226974730114656], [152.1726912924466, -4.22739949246157], [152.1725851674499, -4.227835526446617], [152.16955553328827, -4.243267725457319], [152.16949204483944, -4.2436825292999805], [152.16946356251324, -4.24410119595511], [152.16947028693122, -4.244520776451827], [152.1720465053738, -4.288887813987485], [152.1720989846824, -4.289375895438151], [152.1721990726089, -4.289856478404229], [152.17234580439543, -4.290324930496908], [152.17253776567915, -4.290776736258117], [152.17277310612548, -4.2912075406854875], [152.18265193128934, -4.307353160282787], [152.1829257491401, -4.3077553243228595], [152.18323735735805, -4.308128971815858], [152.1835838054854, -4.3084705648860195], [152.18396181318315, -4.308776869164411], [152.19109026624744, -4.313999757617962], [152.19150481806088, -4.314272936444578], [152.19194441772765, -4.314503657077166], [152.1924047311489, -4.3146896447959975], [152.1928812200048, -4.314829065911867], [152.19336918649876, -4.3149205458447915], [152.19386381967388, -4.3149631826762676], [152.19436024284522, -4.314956556041453], [152.19485356167988, -4.314900731273636], [152.19533891245123, -4.314796258760093], [152.22216691493023, -4.3076110419552585], [152.22227927392302, -4.307586532196398], [152.22237815945797, -4.307645242693495], [152.25615665437732, -4.329906458436487], [152.26308656056506, -4.334473510257244], [152.26349295640824, -4.33471459849847], [152.26392029609835, -4.3349162464855855], [152.2643647629599, -4.335076653251033], [152.26482238735056, -4.335194386162716], [152.28640590782211, -4.339671664705574], [152.28690118328703, -4.339748745698854], [152.30504577278617, -4.341647186687605], [152.30542883049208, -4.341672447858391], [152.35568180337884, -4.343052357494087], [152.3557995365873, -4.343061383708965], [152.35582514336275, -4.3431766524122795], [152.35842686400514, -4.35837563981605], [152.36074460697375, -4.371915658529433], [152.36075861801385, -4.372030976550815], [152.3606455876328, -4.372057784912983], [152.3236241795095, -4.378957144454648], [152.3235729246923, -4.3789669734273495], [152.25126737431367, -4.393224405896374], [152.17030921658818, -4.409187986292952], [152.17004234016676, -4.409225788816405], [152.12305968858968, -4.413311236779628], [152.0709147657593, -4.417845577895313], [152.07077699179686, -4.417849900032347], [152.0706395842626, -4.417838967735414], [151.94342010932635, -4.400588869438973], [151.94328809014291, -4.400563604223995], [151.9431711094337, -4.400497400677467], [151.93364513571015, -4.394400777494384], [151.88936414185994, -4.366060941430237], [151.88926772892182, -4.365992551812551], [151.88919451920916, -4.365899745927122], [151.8569199270239, -4.320715316867807], [151.85685656117104, -4.320617030141795]]], [[[152.05598936046144, -4.131169718652956], [152.0559909768572, -4.1310554002334205], [152.057583291454, -4.105578366685039], [152.0575966141327, -4.105459057604005], [152.05767364333437, -4.105366978003946], [152.07679710201484, -4.0846498977667505], [152.0768806810992, -4.08456782757338], [152.07697054828486, -4.084642959915853], [152.09524285411987, -4.101509703763519], [152.09532431398375, -4.101592451108911], [152.09529284318126, -4.101704220609484], [152.0865628229486, -4.12784796325288], [152.08652097853098, -4.127955869015154], [152.08640658712747, -4.1279734535438], [152.05610350724768, -4.131163251425881], [152.05598936046144, -4.131169718652956]]], [[[151.92643981353496, -4.179617232506306], [151.92654538473823, -4.179594264592032], [151.94559273273828, -4.176419706592027], [151.94570908128225, -4.176406142069182], [151.94573398463976, -4.176520600807328], [151.94833625902876, -4.192134247141412], [151.94834915181156, -4.1922448503215115], [151.9482500639463, -4.192194047937853], [151.93198798459454, -4.182821129524633], [151.92653066032037, -4.1796757104137185], [151.92643981353496, -4.179617232506306]]]]}}, {"type": "Feature", "properties": {"title": "Kuot", "fill": "#959595", "family": "Other", "cldf:languageReference": "kuot1243", "fill-opacity": 0.9, "group": "kuot1243", "stroke": "#000"}, "geometry": {"coordinates": [[[151.3903601200371, -3.0347047115985486], [151.47935325662112, -2.945341193953395], [151.52182593851217, -2.974746559352811], [151.5233171618227, -3.00127253538584], [151.53983399431576, -3.0003440008203626], [151.55112166453875, -2.995029044237174], [151.5529602618643, -2.996301971299307], [151.56993712221407, -3.0080556623706927], [151.559854805487, -3.02838110971741], [151.5725691338198, -3.0346879763283616], [151.5845653049994, -3.0406386053739025], [151.5980224609375, -3.0275001525878906], [151.6290105375972, -3.0420049520215935], [151.6293941918158, -3.0566683177155696], [151.63764462748193, -3.0649187533816997], [151.64436387319114, -3.0716379990909015], [151.66193504585084, -3.066497729209586], [151.67278617638632, -3.076504706076302], [151.58843066273985, -3.164340088711749], [151.57467651367188, -3.1594443321228027], [151.53274536132812, -3.1449999809265137], [151.48829650878906, -3.1279165744781494], [151.4552459716797, -3.104583263397217], [151.44517517089844, -3.074097156524658], [151.41720581054688, -3.05055570602417], [151.3903601200371, -3.0347047115985486]]], "type": "Polygon"}}, {"type": "Feature", "geometry": {"type": "Polygon", "coordinates": [[[152.698, -4.46971], [152.69761570560806, -4.4736118064403225], [152.69647759065023, -4.4773636686473015], [152.69462939224604, -4.480821404660392], [152.69214213562373, -4.483852135623731], [152.6891114046604, -4.486339392246051], [152.6856536686473, -4.4881875906502255], [152.68190180644032, -4.489325705608064], [152.678, -4.48971], [152.67409819355967, -4.489325705608064], [152.6703463313527, -4.4881875906502255], [152.6668885953396, -4.486339392246051], [152.66385786437627, -4.483852135623731], [152.66137060775395, -4.480821404660392], [152.65952240934976, -4.4773636686473015], [152.65838429439194, -4.4736118064403225], [152.658, -4.46971], [152.65838429439194, -4.465808193559678], [152.65952240934976, -4.462056331352699], [152.66137060775395, -4.458598595339608], [152.66385786437627, -4.4555678643762695], [152.6668885953396, -4.453080607753949], [152.6703463313527, -4.451232409349775], [152.67409819355967, -4.450094294391936], [152.678, -4.4497100000000005], [152.68190180644032, -4.450094294391936], [152.6856536686473, -4.451232409349775], [152.6891114046604, -4.453080607753949], [152.69214213562373, -4.4555678643762695], [152.69462939224604, -4.458598595339608], [152.69647759065023, -4.462056331352699], [152.69761570560806, -4.465808193559678], [152.698, -4.46971]]]}, "properties": {"cldf:languageReference": "labe1239", "title": "Label", "family": "Austronesian", "group": "newi1242", "stroke": "#000", "fill": "#fdb97d", "fill-opacity": 0.9}}, {"type": "Feature", "geometry": {"type": "Polygon", "coordinates": [[[151.27, -2.883333], [151.26961570560806, -2.8872348064403224], [151.26847759065024, -2.890986668647302], [151.26662939224605, -2.894444404660392], [151.26414213562373, -2.897475135623731], [151.2611114046604, -2.8999623922460507], [151.2576536686473, -2.901810590650226], [151.25390180644033, -2.9029487056080647], [151.25, -2.903333], [151.24609819355967, -2.9029487056080647], [151.2423463313527, -2.901810590650226], [151.2388885953396, -2.8999623922460507], [151.23585786437627, -2.897475135623731], [151.23337060775395, -2.894444404660392], [151.23152240934976, -2.890986668647302], [151.23038429439194, -2.8872348064403224], [151.23, -2.883333], [151.23038429439194, -2.8794311935596775], [151.23152240934976, -2.875679331352698], [151.23337060775395, -2.872221595339608], [151.23585786437627, -2.869190864376269], [151.2388885953396, -2.866703607753949], [151.2423463313527, -2.864855409349774], [151.24609819355967, -2.863717294391935], [151.25, -2.863333], [151.25390180644033, -2.863717294391935], [151.2576536686473, -2.864855409349774], [151.2611114046604, -2.866703607753949], [151.26414213562373, -2.869190864376269], [151.26662939224605, -2.872221595339608], [151.26847759065024, -2.875679331352698], [151.26961570560806, -2.8794311935596775], [151.27, -2.883333]]]}, "properties": {"cldf:languageReference": "laku1238", "title": "Lakurumau", "family": "Austronesian", "group": "newi1242", "stroke": "#000", "fill": "#fdb97d", "fill-opacity": 0.9}}, {"type": "Feature", "properties": {"title": "Lamasong", "fill": "#fdb97d", "family": "Austronesian", "cldf:languageReference": "lava1239", "fill-opacity": 0.9, "group": "newi1242", "stroke": "#000"}, "geometry": {"type": "Polygon", "coordinates": [[[151.58844101440482, -3.1643376450497556], [151.5885170063186, -3.164250183251509], [151.6265771894729, -3.124619925476747], [151.6727022513648, -3.076592093207966], [151.672786414517, -3.0765125555379504], [151.67287524435596, -3.076586845085581], [151.72170208265672, -3.121615244638311], [151.72213508449929, -3.121971766159606], [151.73841008447732, -3.133905843783724], [151.80097243136248, -3.1797813525445644], [151.8010654297412, -3.1798568620965506], [151.8010538772488, -3.1799760968686526], [151.79167015667298, -3.243854200674792], [151.79161753414922, -3.2445124168960136], [151.79112546150964, -3.2804337195841162], [151.79112504852156, -3.2805258868431535], [151.7914399870151, -3.347022479091467], [151.79143492733422, -3.3471355166111274], [151.791338556158, -3.3470762234613627], [151.7584598671935, -3.324532923816541], [151.75821468982554, -3.3243413149426053], [151.7089571881095, -3.2806399059652622], [151.70886704446738, -3.280551365481831], [151.70878633164122, -3.2804541506001463], [151.688438242445, -3.253249147815329], [151.68813067320514, -3.252876867051303], [151.6174648046802, -3.1752992800545567], [151.6171176088576, -3.1749537551723], [151.61673827012103, -3.1746438608250944], [151.6163304290964, -3.174372571160511], [151.61589799995443, -3.174142489825584], [151.61544513284537, -3.1739558249788407], [151.5885480974639, -3.1643818893219633], [151.58844101440482, -3.1643376450497556]]]}}, {"type": "Feature", "properties": {"title": "Lihir", "fill": "#fdb97d", "family": "Austronesian", "cldf:languageReference": "lihi1237", "fill-opacity": 0.9, "group": "newi1242", "stroke": "#000"}, "geometry": {"coordinates": [[[152.64080810546875, -3.2300000190734863], [152.6361083984375, -3.2277774810791016], [152.605224609375, -3.2038888931274414], [152.57717895507812, -3.17722225189209], [152.53817749023438, -3.1033334732055664], [152.5384521484375, -3.0926387310028076], [152.55593872070312, -3.069166898727417], [152.59024047851562, -3.0519442558288574], [152.60289001464844, -3.0476391315460205], [152.64559936523438, -3.046388864517212], [152.66775512695312, -3.129444122314453], [152.66830444335938, -3.156388759613037], [152.6540069580078, -3.219027519226074], [152.6463623046875, -3.2286109924316406], [152.64080810546875, -3.2300000190734863]]], "type": "Polygon"}}, {"type": "Feature", "properties": {"title": "Madak", "fill": "#fdb97d", "family": "Austronesian", "cldf:languageReference": "mada1285", "fill-opacity": 0.9, "group": "newi1242", "stroke": "#000"}, "geometry": {"type": "Polygon", "coordinates": [[[151.7914462411124, -3.347143167880251], [151.79144000141983, -3.347025520523229], [151.79112493938504, -3.2805028435873793], [151.79112514587467, -3.280456760936607], [151.79162107598577, -3.244253862827392], [151.7916326070617, -3.2441098133549553], [151.80105397845884, -3.179975407898101], [151.80107593773764, -3.17986413875555], [151.80117057351845, -3.1799266455628765], [151.82174468024138, -3.195013157821552], [151.82216637036166, -3.195290766143307], [151.8226139060122, -3.195524434239854], [151.82308272431757, -3.1957117797346766], [151.8235680454137, -3.1958508925360074], [151.8240649211815, -3.1959403543112788], [151.82456828569548, -3.1959792529478164], [151.8250730068738, -3.1959671918523336], [151.82557393880262, -3.195904293994423], [151.8260659742017, -3.1957912006528133], [151.85858983643917, -3.1865643358284603], [151.85871893271946, -3.1865350884553605], [151.8588484934893, -3.186562204231317], [151.92189161420404, -3.20332967998046], [151.92191937747268, -3.2033372354662704], [151.94871581560017, -3.2107954952218556], [151.94898407260735, -3.210886844525261], [152.05500397269105, -3.2538442004726247], [152.05510934269472, -3.2538928784378633], [152.05511936415894, -3.2540085155952414], [152.05601110701997, -3.277070640306031], [152.05605041234347, -3.2775320774353474], [152.0561322422722, -3.2779878986673294], [152.0562558948065, -3.278434193618604], [152.05642030916022, -3.2788671336295256], [152.05662407486122, -3.279283004609346], [152.0568654438514, -3.279678238898531], [152.05714234548282, -3.2800494458748712], [152.06070647818262, -3.2843922860599397], [152.1494314513725, -3.3925022840429913], [152.1495026979044, -3.3925986041765412], [152.14941081266662, -3.3926754855106944], [152.10432992867464, -3.426688206124416], [152.04293647575687, -3.47300846821103], [152.04283591185214, -3.473076795160302], [152.04271490588513, -3.4730649957167707], [151.998262120746, -3.46649317337886], [151.98448932869258, -3.4644570277877818], [151.98432273793452, -3.46442659962325], [151.95649175849732, -3.4583622322322816], [151.95636255688646, -3.4583266791367744], [151.95624397322237, -3.45826426925396], [151.935034210449, -3.4455953315132097], [151.93490251252078, -3.445510966098914], [151.79154008106548, -3.3472143991769574], [151.7914462411124, -3.347143167880251]]]}}, {"id": "4401", "type": "Feature", "properties": {"LANGUAGE": "Makada", "COUNTRY_NAME": "", "ISLAND_NAME": "", "SOVEREIGN": "", "cldf:languageReference": ["maka1306"], "title": "Makada", "family": "Austronesian", "group": "newi1242", "stroke": "#000", "fill": "#fdb97d", "fill-opacity": 0.9}, "geometry": {"coordinates": [[[152.40932269757548, -4.1058935534257746], [152.42110780954752, -4.114732387404808], [152.4311693476954, -4.122278541015707], [152.43805241187087, -4.1274408391473045], [152.42012571688318, -4.133392148027211], [152.40834060491113, -4.123571221383841], [152.40870624556462, -4.116989689620994], [152.40932269757548, -4.1058935534257746]]], "type": "Polygon"}}, {"type": "Feature", "properties": {"title": "Makolkol", "fill": "#d9d9d9", "family": "Other", "cldf:languageReference": "mako1250", "fill-opacity": 0.9, "group": "bain1263", "stroke": "#000"}, "geometry": {"coordinates": [[[151.72071596576237, -4.9515923143788], [151.7693375355587, -4.887831269161409], [151.81363334966798, -4.9602357919514155], [151.88494203964208, -5.001292310421342], [151.96664428710938, -5.023333549499512], [151.92815942750516, -5.050992306463886], [151.91303334175308, -5.111496649472199], [151.92383768871883, -5.20225316398467], [151.89574638660784, -5.16984012308736], [151.86117247631736, -5.189287947625746], [151.86765508449685, -5.152553167942127], [151.841724651779, -5.126622735224278], [151.79674489970512, -5.120504273634227], [151.79065920563735, -5.098443632638623], [151.7704159618049, -5.025061873746037], [151.75312900665966, -4.962396661344569], [151.72071596576237, -4.9515923143788]]], "type": "Polygon"}}, {"type": "Feature", "properties": {"title": "Maleu-Kilenge", "fill": "#fd8c3b", "family": "Austronesian", "cldf:languageReference": "male1289", "fill-opacity": 0.9, "group": "nger1241", "stroke": "#000"}, "geometry": {"type": "Polygon", "coordinates": [[[148.31647458681087, -5.628026619199258], [148.31650685486395, -5.627897450523193], [148.32965231646494, -5.585189140592682], [148.35810591753736, -5.4927461933516915], [148.35814349874, -5.492641164094615], [148.35821568854237, -5.492556122199108], [148.3743188194199, -5.475231283338721], [148.3744086623419, -5.4751439280344325], [148.37452050140791, -5.475087406152729], [148.4284736146253, -5.451162900126285], [148.4285896191767, -5.45111831165522], [148.42871272935506, -5.451135313763635], [148.45040369509087, -5.455254221504412], [148.45052873538987, -5.455284751906736], [148.45064481539103, -5.45534036319278], [148.50808151783403, -5.486613283209245], [148.50817543149063, -5.486669942490942], [148.50824387453625, -5.486755648958193], [148.5182633112022, -5.500508767070186], [148.51858329455993, -5.500904064390322], [148.51894177834424, -5.501264811804619], [148.51933505369166, -5.501587277030128], [148.5197590517861, -5.5018681238503895], [148.52020938595481, -5.502104446631835], [148.52068139705273, -5.502293800385388], [148.52117020166585, -5.502434226062263], [148.52167074263497, -5.5025242708222235], [148.52217784137676, -5.50256300306463], [148.56791230504288, -5.50372273631994], [148.56802656333056, -5.503731216751855], [148.56799736535572, -5.50384200642756], [148.54859744462146, -5.565159910783028], [148.54855462824287, -5.5652748938947685], [148.54844776775278, -5.565335186464262], [148.50978398563052, -5.584667077525402], [148.50966189209996, -5.58472014645215], [148.50953130039005, -5.5847460104508535], [148.45854383406714, -5.5920299342112685], [148.4580596503827, -5.592123672307008], [148.4575870565569, -5.592264653677044], [148.45713065037322, -5.592451506738042], [148.45669487212842, -5.592682413628927], [148.4562839614336, -5.592955127896542], [148.45590191596773, -5.593266996351002], [148.45555245258495, -5.59361498487812], [148.45523897115407, -5.593995707957772], [148.45496452148163, -5.594405461601046], [148.45473177364093, -5.594840259385701], [148.45454299199542, -5.59529587123938], [148.45440001316908, -5.595767864593256], [148.4543042281781, -5.596251647505722], [148.45425656889813, -5.5967425133365944], [148.45425749899798, -5.597235686537207], [148.45430700942893, -5.597726369110891], [148.4544046185125, -5.598209787291855], [148.45454937662691, -5.598681237988328], [148.45473987544548, -5.599136134538122], [148.4549742616382, -5.599570051331476], [148.45525025490235, -5.599978766867047], [148.45556517014734, -5.60035830482216], [148.49661790262175, -5.64514310388516], [148.49669389278844, -5.645234419772228], [148.4967408836807, -5.645343529592418], [148.5161466557149, -5.697092255016952], [148.53878180411306, -5.757452650745389], [148.5466267592575, -5.778372531130577], [148.54682847288393, -5.778837320852297], [148.54707618965756, -5.779279309848293], [148.5473673658454, -5.779693959459576], [148.54769901144223, -5.780077011767504], [148.54806772087397, -5.780424533317136], [148.54846970796856, -5.780732955508757], [148.54890084483517, -5.780999111242811], [148.5493567042522, -5.781220267441948], [148.54983260512927, -5.781394153116208], [148.55032366057597, -5.781518982683179], [148.55082482808388, -5.781593474303627], [148.55133096130677, -5.781616863044336], [148.6057906928219, -5.7813711800450225], [148.60633678854623, -5.781338789179932], [148.6068760770592, -5.781246932726429], [148.6074021026522, -5.781096710278675], [148.60790856838415, -5.780889920117791], [148.64713749154552, -5.762307798620306], [148.64753493114915, -5.762097149482052], [148.6479118311208, -5.761851634290343], [148.64826514111402, -5.761573240061476], [148.64859200170207, -5.761264219910075], [148.71024126336462, -5.697489121638454], [148.7106008765177, -5.697073667097056], [148.71091273065264, -5.6966212612014875], [148.73362220057527, -5.6594603104190035], [148.7338524427458, -5.6590394104665735], [148.7340412854657, -5.658598381381138], [148.7341869901112, -5.658141283598007], [148.73428821521907, -5.6576723254926335], [148.73434402883717, -5.657195824635246], [148.73435391710467, -5.656716168040146], [148.7328354529259, -5.60127497024054], [148.73283837248587, -5.6011513090750915], [148.73294525678983, -5.601089048708573], [148.76338363896176, -5.58537891597467], [148.76378347082294, -5.5851485909608005], [148.76416036707073, -5.584882387377732], [148.76451111782856, -5.584582572376273], [148.76483273589076, -5.5842516993624125], [148.76512248216326, -5.583892586250973], [148.76537788899145, -5.583508291466533], [148.7896422510353, -5.5430676880601], [148.78987677046018, -5.5426286713099415], [148.79006647972403, -5.542168513225406], [148.7902094989214, -5.541691773698261], [148.79030441081747, -5.541203176932466], [148.790350274892, -5.540707564630132], [148.79034663665948, -5.540209848013147], [148.79029353217254, -5.5397149591559005], [148.78403360692033, -5.500091538074261], [148.7840210032151, -5.49997394682859], [148.78413888719115, -5.499964464077749], [148.88295205183422, -5.496964281474301], [148.88338441250494, -5.496932349864753], [148.88381238177402, -5.496863084563377], [148.88423274207648, -5.496757006321608], [148.927039469529, -5.48395694520774], [148.92715675975163, -5.483928209652166], [148.92721501497545, -5.484033987992479], [148.9691263020186, -5.5701127541176], [148.96936847122743, -5.570552548748336], [148.9696535246414, -5.570965840163831], [148.96997858817815, -5.571348461308041], [148.97034038434896, -5.571696554361299], [148.9707352653042, -5.572006609637204], [148.97115924961335, -5.572275500969418], [148.97160806240805, -5.572500517231578], [148.99610162497976, -5.583277684763119], [148.99620613860046, -5.583330047056878], [148.9961315689298, -5.583420070781057], [148.93815249786732, -5.646697796647757], [148.93785444658633, -5.647055137958121], [148.93759090597771, -5.647438639882247], [148.93736415859178, -5.647844980873484], [148.93717616830918, -5.6482706415738555], [148.91158575466207, -5.7143792101621855], [148.89529158682126, -5.756472477084258], [148.89514025065972, -5.756927002057716], [148.89503310778974, -5.757393923882754], [148.89497114176393, -5.757868956299469], [148.89495492141947, -5.758347738594161], [148.89498459565624, -5.758825875629912], [148.89505989207, -5.759298978193168], [148.895180119453, -5.759762703285941], [148.895344174139, -5.76021279399377], [148.89555055013508, -5.7606451185634375], [148.89579735294595, -5.761055708331734], [148.9302508343312, -5.8126079915718165], [148.93052220711348, -5.812976367644446], [148.9308261178466, -5.813318394520809], [148.93116002165357, -5.813631208148316], [148.93152112250246, -5.813912189099253], [148.93190639661972, -5.814158984505247], [148.93231261781057, -5.814369527759632], [148.98669159489268, -5.839467517182135], [148.98722656601504, -5.839678025747824], [148.98778216506136, -5.83982573376284], [149.07149008975549, -5.856996590110353], [149.14473419514988, -5.872021021986126], [149.1452530238661, -5.87209934337539], [149.14577720356476, -5.872122861886001], [149.14630096161252, -5.872091318515679], [149.14681853001963, -5.872005060642068], [149.14732420896098, -5.871865038197174], [149.14781242954658, -5.87167279320604], [149.1970573467195, -5.849229971061963], [149.19750129273743, -5.849000185954462], [149.1979200753095, -5.848727219986245], [149.19830950846494, -5.848413801607895], [149.19866569959726, -5.848063063614909], [149.19898508837286, -5.847678511833623], [149.1992644823187, -5.847263990078475], [149.19950108873292, -5.846823641730894], [149.1996925425994, -5.846361868323831], [149.20974545267097, -5.818213720123386], [149.20978929914378, -5.818107329544098], [149.20990288016264, -5.818125790873493], [149.28097505422065, -5.833201706582752], [149.28108343110307, -5.833230284599247], [149.28100813788384, -5.83331330979325], [149.26069735061583, -5.853624097061258], [149.22059007788312, -5.893731369793972], [149.19606210185614, -5.918259345820941], [149.19574455543736, -5.918608381333461], [149.19546132632698, -5.918985797268639], [149.19521493709397, -5.9193882321862885], [149.19500758219434, -5.919812101815637], [149.19484110842635, -5.920253630978497], [149.19471699848205, -5.9207088872127365], [149.19463635774179, -5.921173815796607], [149.19459990442917, -5.921644275861953], [149.19346142138733, -5.9594243977277515], [149.1934524215958, -5.959537212039459], [149.19335819498954, -5.95947452701796], [149.1702501397184, -5.942394660078423], [149.16981958829294, -5.942109583712237], [149.16936193095873, -5.941870433489646], [149.16888204896193, -5.941679760120577], [149.1683850605908, -5.941539597274287], [149.1678762665854, -5.9414514398888105], [149.1673610936015, -5.941416228226365], [149.16684503633118, -5.941434337844775], [149.12101238094013, -5.945419786139647], [149.12054319229003, -5.94548308419925], [149.1200820937974, -5.945590475138386], [149.1196332195723, -5.945740996112947], [149.11920059412475, -5.945933297584182], [149.1187880962816, -5.9461656554183815], [149.11839942440997, -5.946435986345077], [149.11803806325844, -5.9467418666352065], [149.11770725271353, -5.9470805538317455], [149.07811774912577, -5.991651970598173], [149.07803701376335, -5.991734510851716], [149.07793855516104, -5.9916742033411134], [149.02611183249925, -5.95639658219544], [148.95108962442796, -5.905330165144116], [148.95067220466146, -5.905074988458629], [148.950231844563, -5.904861827988639], [148.812185762577, -5.846192243144583], [148.7262511236663, -5.809670021607525], [148.72574246518172, -5.8094856484537125], [148.72521686313982, -5.809357315265146], [148.65733586206673, -5.79662962756394], [148.65684727468206, -5.796562760106197], [148.65635447667353, -5.796544347824467], [148.6558622617611, -5.7965745698252436], [148.5995893329585, -5.802827117469976], [148.59907361327447, -5.802911903297227], [148.59856956144986, -5.8030500596837005], [148.5980826848644, -5.803240077102718], [148.59761830323737, -5.803479879382693], [148.5971814905033, -5.803766846391841], [148.56376591986927, -5.828312183138794], [148.56371457447293, -5.828348199504096], [148.56368599007322, -5.828366219032643], [148.5636126445516, -5.828371047973633], [148.52818825495052, -5.828371047973633], [148.52804704695708, -5.828362986875887], [148.52791131936388, -5.82832320372434], [148.40176968048362, -5.783397048757589], [148.40157823892918, -5.783319814322722], [148.38995971583932, -5.778064528749866], [148.38983599493372, -5.7779999552550425], [148.3897298011203, -5.77790940431543], [148.3632650505022, -5.752639243134964], [148.36319307428926, -5.75256454091683], [148.36313448912824, -5.752478932647953], [148.33941780862503, -5.714521249857298], [148.33925376193943, -5.714212506786045], [148.33081131074886, -5.695222645034393], [148.33075313854715, -5.6950801282082395], [148.3224215591674, -5.672724448079155], [148.3223801222903, -5.672590724545095], [148.32235395977364, -5.672453194471922], [148.3164849535277, -5.628159353163389], [148.31647458681087, -5.628026619199258]]]}}, {"type": "Feature", "properties": {"title": "Mali", "fill": "#d9d9d9", "family": "Other", "cldf:languageReference": "mali1284", "fill-opacity": 0.9, "group": "bain1263", "stroke": "#000"}, "geometry": {"coordinates": [[[152.05026245117188, -4.979722023010254], [152.09490138329434, -4.91390778116691], [152.12695941167533, -4.759274938388089], [152.16369419135896, -4.582083648149455], [152.1743664641827, -4.471216419364051], [152.2089531019179, -4.467973922076376], [152.24050873291324, -4.4650155816705634], [152.30847244070026, -4.506453219389063], [152.36273510791017, -4.5395372993885035], [152.3888245162649, -4.535955632945042], [152.40164184570312, -4.610833168029785], [152.40304565429688, -4.623055458068848], [152.40524291992188, -4.668889045715332], [152.40582275390625, -4.6888885498046875], [152.39498901367188, -4.761111259460449], [152.38943481445312, -4.783055305480957], [152.3861083984375, -4.793333053588867], [152.33470153808594, -4.877222061157227], [152.29412841796875, -4.929166793823242], [152.26803588867188, -4.957777976989746], [152.23731994628906, -4.987222194671631], [152.15914916992188, -5.00694465637207], [152.12356567382812, -4.999444007873535], [152.11245727539062, -4.99666690826416], [152.08580017089844, -4.98569393157959], [152.05026245117188, -4.979722023010254]]], "type": "Polygon"}}, {"type": "Feature", "properties": {"title": "Mandara", "fill": "#fdb97d", "family": "Austronesian", "cldf:languageReference": "mand1440", "fill-opacity": 0.9, "group": "newi1242", "stroke": "#000"}, "geometry": {"type": "MultiPolygon", "coordinates": [[[[151.90723872249785, -2.8015532350007435], [151.90732678978554, -2.801484015782013], [151.9199050059715, -2.7925434437040186], [151.9202818981102, -2.792247366942101], [151.92062871063024, -2.791916564570403], [151.92094225689146, -2.791554076121968], [151.92121965591627, -2.7911632322730866], [151.9214583588611, -2.790747624239829], [151.92165617243606, -2.7903110707806364], [151.92181127905778, -2.7898575831081773], [151.92192225354992, -2.789391328032858], [151.92198807623836, -2.788916589676645], [151.92200814232018, -2.78843773010899], [151.92198226742087, -2.787959149266542], [151.92191068928844, -2.7874852445249187], [151.92179406560896, -2.7870203702940173], [151.92163346796337, -2.7865687980081013], [151.92143037198153, -2.786134676878306], [151.92118664378353, -2.785721995768168], [151.92090452283304, -2.7853345465424906], [151.92058660136047, -2.784975889226305], [151.92023580054445, -2.7846493192940596], [151.919855343671, -2.7843578373895963], [151.91944872651692, -2.7841041217551425], [151.91844558974768, -2.7835431273803515], [151.91834628282294, -2.7834810056073183], [151.9183983716818, -2.7833760878741307], [151.927738851348, -2.7666739977703183], [151.927800973121, -2.766574690845657], [151.9279058908542, -2.766626779704545], [151.93083066119493, -2.768262428759606], [151.9312701540388, -2.7684806252457936], [151.93172891760008, -2.7686546932245153], [151.93220253373494, -2.7687829563259756], [151.93268644126107, -2.768864179306392], [151.93317597988448, -2.768897579944062], [151.93366643508057, -2.768882836572586], [151.93415308349776, -2.768820091178691], [151.93463123844572, -2.7687099480348203], [151.9350962950309, -2.7685534678796597], [151.9355437745042, -2.7683521577026444], [151.93596936739365, -2.7681079562308266], [151.93636897500707, -2.7678232152578732], [151.93673874890473, -2.7675006769950095], [151.9370751279618, -2.7671434476620242], [151.93737487266415, -2.7667549675726755], [151.93763509630637, -2.7663389780025915], [151.9403852779205, -2.7614212668396463], [151.9406034744067, -2.7609817739957845], [151.9407775423854, -2.760523010434488], [151.94090580548686, -2.760049394299635], [151.94098702846728, -2.7595654867735098], [151.94102042910495, -2.759075948150118], [151.94100568573347, -2.7585854929540137], [151.9409429403396, -2.7580988445368444], [151.94083279719572, -2.7576206895888964], [151.94067631704056, -2.757155633003705], [151.94047500686355, -2.756708153530411], [151.94023080539174, -2.75628256064096], [151.93994606441876, -2.7558829530275295], [151.9396235261559, -2.7555131791298844], [151.93926629682292, -2.7551768000727983], [151.9388778167336, -2.7548770553704744], [151.9384618271635, -2.7546168317282502], [151.92225996134783, -2.745556097576713], [151.9221611773455, -2.7454945380027977], [151.92212123723633, -2.745385209836637], [151.9171166728463, -2.729370603788553], [151.91220834319398, -2.713663948901117], [151.91217955876195, -2.713553517914413], [151.91228881978307, -2.713520569839482], [151.94369612832935, -2.705668742702917], [151.94381428683465, -2.7056452641640454], [151.94392965079422, -2.705679960431707], [151.97436453524304, -2.716479435558709], [151.9744655462006, -2.7165203408507743], [151.97455788199477, -2.7165782248519164], [152.0030374405202, -2.736219299697037], [152.0031381498808, -2.736296682522165], [152.0031995246365, -2.7364078743211784], [152.01474914194708, -2.760138658533531], [152.01479652061647, -2.760249649201201], [152.01474000289957, -2.7603562766569563], [152.01103781980632, -2.766576264774986], [152.0108078473476, -2.7670097118128294], [152.01062146750823, -2.7674636129274712], [152.01048047522798, -2.7679335968030507], [152.0103862283396, -2.7684151372379273], [152.01033963449214, -2.768903596734476], [152.01034114240977, -2.769394271160726], [152.0103907375705, -2.7698824350537223], [152.01048794234575, -2.7703633871283184], [152.01063182060045, -2.77083249555312], [152.0108209867083, -2.771285242557556], [152.0110536188963, -2.7717172679404767], [152.01132747678935, -2.7721244110612755], [152.0116399229862, -2.7725027509091325], [152.01198794845914, -2.7728486438644904], [152.01236820153267, -2.7731587587891053], [152.0127770201618, -2.773430109106727], [152.0143944328084, -2.77439280511858], [152.01449090150763, -2.7744566323326607], [152.01448379860335, -2.7745720865311587], [152.01182214844158, -2.79887883402952], [152.01180369979778, -2.7989945086921186], [152.01168677385724, -2.7989874869831954], [151.99892136961122, -2.7975896430191405], [151.99843157525, -2.7975602295851227], [151.9979412563618, -2.797578966027467], [151.9974551349856, -2.79764567190399], [151.9969778927359, -2.7977597048006357], [151.99651412571654, -2.7979199665182732], [151.9960683002574, -2.798124913648953], [151.99564470990137, -2.7983725724397717], [151.99524743405516, -2.798660557801189], [151.9948802987023, -2.7989860962767468], [151.99454683955693, -2.799346052752967], [151.99425026801296, -2.799736960652212], [151.99399344021646, -2.8001550553177195], [151.99377882955946, -2.800596310269307], [151.99360850285998, -2.801056475980577], [151.99348410045718, -2.801531120804177], [151.99340682041426, -2.8020156736509896], [151.9928106010176, -2.807460474224837], [151.99278118758357, -2.8079502685860644], [151.99279992402592, -2.808440587474258], [151.99286662990244, -2.808926708850489], [151.99298066279908, -2.809403951100163], [151.99314092451672, -2.809867718119529], [151.9933458716474, -2.8103135435786686], [151.99359353043823, -2.810737133934698], [151.99388151579964, -2.8111344097809305], [151.9942070542752, -2.811501545133794], [151.9945670107514, -2.811835004279143], [151.99495791865067, -2.812131575823121], [151.9953760133162, -2.812388403619637], [151.99581726826776, -2.8126030142766147], [151.99627743397903, -2.812773340976108], [151.99675207880264, -2.812897743378892], [151.99723663164946, -2.8129750234218207], [152.0061271398769, -2.8139485564979125], [152.00624999724502, -2.813968345594313], [152.00633956734575, -2.8140547327358747], [152.01492322815503, -2.8232161399457767], [152.0149978228812, -2.8233042217566613], [152.01488647665659, -2.823334632229402], [151.99870525469208, -2.8268926737248314], [151.99822738315277, -2.827022868738019], [151.9977647371884, -2.8271997038623855], [151.99732185650234, -2.8274214439071685], [151.99690308685155, -2.827685913053061], [151.996512537404, -2.827990516202392], [151.99615404041757, -2.828332264443462], [151.98646039519753, -2.8385361015171733], [151.9863721274443, -2.838620323307853], [151.98636605823847, -2.838624175879279], [151.9859461520572, -2.8388631185617843], [151.98553921388563, -2.839151908407472], [151.98516308741503, -2.8394798217017763], [151.98482151883877, -2.8398435924512335], [151.98451791015592, -2.840239597524636], [151.9842552852877, -2.8406638927391654], [151.9840362599595, -2.8411122521441783], [151.98386301564818, -2.841580210111377], [151.98373727785503, -2.8420631058121577], [151.9836602989196, -2.8425561296391333], [151.98363284554674, -2.8430543711094898], [151.9836551911701, -2.84355286777305], [151.98372711322887, -2.844046654637931], [151.98384789538432, -2.844530813621514], [151.9840163346547, -2.8450005225342045], [151.98423075339662, -2.8454511031081036], [151.98448901601444, -2.845878067592227], [151.98478855023055, -2.8462771634501918], [151.9851263727051, -2.8466444157151836], [151.98549911874994, -2.8469761665803426], [151.9859030758405, -2.8472691118302706], [151.98946312761996, -2.84958890470442], [151.98956268817264, -2.849661098386706], [151.989615585417, -2.84977212141559], [151.99918802176427, -2.872748261536799], [152.0083079624798, -2.894638303755373], [152.00851587004288, -2.8950762261096896], [152.0087652088028, -2.895491956462217], [152.0090536349598, -2.8958815869219783], [152.00937843729017, -2.896241454938601], [152.00973656263199, -2.896568177730514], [152.01012464458492, -2.8968586840833064], [152.01053903515464, -2.8971102432193288], [152.01097583904425, -2.897320490467174], [152.0114309502702, -2.897487449489735], [152.0119000907589, -2.8976095508618935], [152.03159353889032, -2.9017272718348277], [152.05840272017593, -2.907332827921819], [152.05851410730236, -2.907361589583233], [152.05860071516568, -2.907437308822076], [152.08314235467438, -2.9309972827504156], [152.08323044312496, -2.9310912083288185], [152.08324634045522, -2.9312189927737125], [152.08520694913236, -2.958667514253486], [152.08520997098455, -2.9587743860966493], [152.08518560007687, -2.9588784859584933], [152.07832434655526, -2.9833829628213095], [152.0782881901638, -2.983492215440434], [152.07820680896577, -2.983573582017935], [152.06472978941764, -2.995847694226987], [152.06435493123354, -2.9962276241294457], [152.06402270675784, -2.9966453468685117], [152.06373690156076, -2.997096102654167], [152.06350077228262, -2.997574755297521], [152.05856505860893, -3.009091420536117], [152.0585136889312, -3.00919669226117], [152.05840388900907, -3.0091558883758163], [152.0309414858029, -2.9973862870017554], [152.03083387288942, -2.9973338513905827], [152.0307631289625, -2.9972372836462196], [152.0118923044472, -2.9686684299803385], [152.01183119544328, -2.968565425722992], [152.01180206502727, -2.968449255132333], [152.00919609903448, -2.955419425168433], [152.00709851322625, -2.944931496127295], [152.00084779617302, -2.913677910861108], [152.00072538842133, -2.91319327429611], [152.00055520319975, -2.912723281478978], [152.00033894138195, -2.91227262963557], [152.00007876434267, -2.9118458226932136], [151.9997772723564, -2.9114471262673254], [151.9994374786095, -2.9110805250297838], [151.99906277908573, -2.910749682885122], [151.9986569186259, -2.9104579063525473], [151.99822395350108, -2.9102081115197613], [151.99776821087306, -2.9100027948988503], [151.99729424554778, -2.9098440084755164], [151.99680679445333, -2.90973333920102], [151.9607438006952, -2.9034223152933505], [151.96062801034785, -2.9033962116576078], [151.96056363039506, -2.9032964919201416], [151.94980867879593, -2.884719757339796], [151.94975421107583, -2.8846140852414326], [151.94981136483514, -2.884509841427536], [151.96293110784865, -2.8631295194795747], [151.97563925342894, -2.8424199489042854], [151.97587410621884, -2.8419915981531534], [151.97606603750302, -2.841542373731414], [151.97617074580586, -2.841210977201509], [151.97633410309862, -2.841156296457852], [151.97644674324255, -2.8411124448429805], [151.9765538924336, -2.841104755064782], [151.97681077995523, -2.8410996230079237], [151.97728934533447, -2.841043676002458], [151.97776030362152, -2.840941925417877], [151.97821928140564, -2.8407953161300106], [151.9786620165294, -2.8406052095813803], [151.97908439766778, -2.8403733711385786], [151.97948250250693, -2.840101953698729], [151.97985263416746, -2.8397934776972638], [151.9801913555344, -2.8394508077026654], [151.98049552117487, -2.8390771258155247], [151.98076230654723, -2.838675902118932], [151.98098923423038, -2.838250862454607], [151.9811741969294, -2.837805953824004], [151.98131547704455, -2.8373453077356845], [151.981411762621, -2.8368732018393192], [151.9814621595321, -2.8363940202025995], [151.98146619978223, -2.8359122125999234], [151.9814238458529, -2.835432253190924], [151.98133549105094, -2.8349585989725465], [151.9812019558563, -2.8344956483905017], [151.98102448030298, -2.8340477004944407], [151.98080471246362, -2.833618915016138], [151.9805446931454, -2.8332132737414093], [151.98024683693853, -2.832834543534468], [151.97991390979402, -2.832486241358092], [151.9790815445463, -2.831695494372758], [151.97870965010563, -2.831375403461635], [151.97830817204257, -2.831093305905319], [151.97788097681035, -2.830851918457487], [151.9774321785326, -2.830653565811217], [151.97696609938208, -2.830500158210923], [151.97648722795577, -2.8303931730556573], [151.97600017604728, -2.8303336406709496], [151.97550963423276, -2.8303221343862073], [151.97502032669803, -2.8303587650132433], [151.97453696574212, -2.8304431797790945], [151.97406420639527, -2.83057456572342], [151.97360660158844, -2.830751657527753], [151.9731685583061, -2.83097274970121], [151.97275429514445, -2.8312357130052987], [151.97236780168424, -2.831538014959651], [151.97201280006877, -2.8318767442311974], [151.97089518187346, -2.8330531844367965], [151.97058026162975, -2.8334184498495385], [151.9703019973661, -2.8338123566675035], [151.97006297798185, -2.8342312400827807], [151.9698654272519, -2.834671202911616], [151.96972425759446, -2.8350894187105293], [151.96933851128318, -2.8352395688060263], [151.9689027390328, -2.835460346397153], [151.9684905912148, -2.8357225950863993], [151.96810600203054, -2.8360238115505916], [151.9677526426177, -2.836361120495451], [151.9567525936602, -2.8479401193980856], [151.95666634519645, -2.8480225173999028], [151.9565490119441, -2.8480439914797464], [151.94195325071843, -2.849990092976501], [151.94183835637816, -2.849999955688322], [151.9417413486331, -2.84993760603016], [151.92329985972867, -2.8368230416305695], [151.92320528528532, -2.836748582326092], [151.92315664809772, -2.8366384781145793], [151.91617192362236, -2.818478194478608], [151.91613528920465, -2.818366933976211], [151.91624242315652, -2.818319570526915], [151.9188937789633, -2.817299818293529], [151.9193458676222, -2.817099751504931], [151.9197759887875, -2.8168560166929595], [151.9201799374076, -2.816570996715162], [151.92055376430503, -2.8162474780508293], [151.92089381478542, -2.81588862355916], [151.92119676436738, -2.8154979415577728], [151.92145965128395, -2.815079251523865], [151.92167990543834, -2.814636646753347], [151.9218553735301, -2.8141744543429943], [151.9219843401068, -2.813697192886872], [151.92206554433514, -2.8132095283005922], [151.9220981923272, -2.8127162282052924], [151.92208196490208, -2.8122221153172973], [151.92201702070608, -2.8117320202991474], [151.92190399466193, -2.8112507345329396], [151.92174399176142, -2.810782963277692], [151.9215385762625, -2.810333279668683], [151.92128975639642, -2.8099060800084947], [151.92099996473448, -2.809505540786844], [151.920672034406, -2.809135577849403], [151.92030917140056, -2.808799808114787], [151.91991492322472, -2.8085015142139884], [151.91949314422016, -2.8082436123979435], [151.9073343606955, -2.801611548657229], [151.90723872249785, -2.8015532350007435]]], [[[151.952720827878, -2.6552085773587764], [151.9527600897697, -2.6550942329712655], [151.96651223038302, -2.620713881437963], [151.96656210545137, -2.6206048375595823], [151.9666495103416, -2.6205227493444685], [151.99316371497534, -2.5979365750268326], [151.99325657162143, -2.5978648752348388], [151.99337138037473, -2.597889003374209], [152.01599781612097, -2.603791551829744], [152.02752092175857, -2.606797579387374], [152.02763399073584, -2.6068329823326466], [152.0277000818565, -2.6069313181141487], [152.03768842015654, -2.623463099051911], [152.03774569607955, -2.6235693054142426], [152.03774635506343, -2.6236899697773137], [152.03676767678832, -2.6461995701053], [152.03675800901968, -2.646309354489302], [152.03671979038842, -2.6464127247609035], [152.0289016066202, -2.6649809112103617], [152.02884729178393, -2.6650935616696514], [152.02874507778233, -2.66516562084802], [152.01017369438753, -2.676894915623696], [152.01006422443868, -2.676956419011845], [152.0099446880538, -2.6769179821916897], [151.98673620825753, -2.6681147657172484], [151.98628001833063, -2.6679663420044197], [151.98581170394135, -2.6678623204647853], [151.985335576183, -2.667803658674238], [151.9848560180754, -2.6677908966470536], [151.98437744421648, -2.66782415186476], [151.96568937847687, -2.6700276571778256], [151.9655707988843, -2.6700358121681473], [151.96548867347565, -2.669949887544628], [151.95279536544518, -2.655303762894101], [151.952720827878, -2.6552085773587764]]]]}}, {"type": "Feature", "properties": {"title": "Mangseng", "fill": "#fd8c3b", "family": "Austronesian", "cldf:languageReference": "mang1403", "fill-opacity": 0.9, "group": "nger1241", "stroke": "#000"}, "geometry": {"type": "Polygon", "coordinates": [[[150.51732348039894, -5.633469764021514], [150.51743235073516, -5.633415610381116], [150.56454369390704, -5.612865087257815], [150.56465105571897, -5.612824113798978], [150.56476117448162, -5.612856965603785], [150.60774769575093, -5.627902248048051], [150.6078638541523, -5.627949689548109], [150.60793158618978, -5.628055310764132], [150.63379866100584, -5.673322691692256], [150.64595392911653, -5.694594410885938], [150.64768273201065, -5.697619815950645], [150.6479467867506, -5.698033384277172], [150.64825010677947, -5.698419079268665], [150.64858977095963, -5.698773186471516], [150.6489625081393, -5.699092295639786], [150.6493647286557, -5.699373333577744], [150.6497925589054, -5.699613593736415], [150.65024187864918, -5.699810762279132], [150.6507083606923, -5.699962940365045], [150.6511875125577, -5.7000686624359975], [150.65167471975093, -5.700126910330654], [150.65216529020046, -5.700137123089946], [150.65265449944462, -5.70009920235942], [150.65313763613102, -5.7000135133364385], [150.6536100473892, -5.699880881253137], [150.65406718364054, -5.699702583428981], [150.65450464241303, -5.699480336969479], [150.68749206769482, -5.68063037966561], [150.7217864997941, -5.661033561323191], [150.72225968166748, -5.6607265262279665], [150.72269526995143, -5.660368148659056], [150.72308772097244, -5.6599629896395385], [150.75256589125692, -5.625876748794508], [150.75264704741588, -5.625791753984995], [150.75273919243634, -5.6258646904990135], [150.7871258825395, -5.655953044339272], [150.7872145962312, -5.656038903781368], [150.7872390158829, -5.656159922967818], [150.79368438268762, -5.69912903499925], [150.79369663875775, -5.699252794599969], [150.79367164199232, -5.699374621574446], [150.77641604095402, -5.7662400755978815], [150.77137484285933, -5.7857747182147525], [150.75558890138035, -5.846945241445729], [150.75231086967077, -5.8596476143204335], [150.73555162571907, -5.924589684633182], [150.73545088529283, -5.925080536480518], [150.73539978046122, -5.925579006605691], [150.73539882448873, -5.926080088690408], [150.73544802697657, -5.926578750183504], [150.73554689376613, -5.927069982844705], [150.73569443190195, -5.92754885304422], [150.73588915960445, -5.928010551312995], [150.73612912115186, -5.9284504406459755], [150.73641190652236, -5.928864103073247], [150.73673467559877, -5.929247384031328], [150.77209430216772, -5.96720092916121], [150.7805598820409, -5.976287528736633], [150.78063601998227, -5.976377960011417], [150.78053602789896, -5.976441018593831], [150.70535292467036, -6.018733332983424], [150.70490777731916, -6.019015617447859], [150.70449482096333, -6.01934319603583], [150.70411864504587, -6.019712428160993], [150.70378343024572, -6.020119210315106], [150.6616436562829, -6.0771318456765675], [150.66135259304303, -6.077572568200106], [150.66110964318992, -6.078041534639441], [150.66091751759834, -6.078533512189157], [150.66077836003763, -6.079043011282042], [150.64567737647172, -6.148600698225819], [150.6456468500042, -6.1487142509657176], [150.64552935210628, -6.1487187602762425], [150.63683663515812, -6.148627656475915], [150.63632630830597, -6.148648395802432], [150.63582075971723, -6.148721088581563], [150.63532526456126, -6.148844976297257], [150.63484499310437, -6.149018766237616], [150.63438495676044, -6.149240644983753], [150.63394995579932, -6.149508297331983], [150.61424540203257, -6.163066703103141], [150.6141462381654, -6.163127992642448], [150.61408495341365, -6.163028825816129], [150.56687521415077, -6.0775202902937915], [150.5668182353224, -6.077402909641858], [150.56678699932635, -6.077276224533163], [150.54736388527968, -5.975844406733826], [150.5287472938934, -5.8786244294943115], [150.52870543598712, -5.87827087339469], [150.523594321955, -5.768400944991035], [150.51976670351831, -5.686121394789315], [150.5173230229704, -5.633591358254685], [150.51732348039894, -5.633469764021514]]]}}, {"type": "Feature", "properties": {"title": "Mengen", "fill": "#fd8c3b", "family": "Austronesian", "cldf:languageReference": "meng1267", "fill-opacity": 0.9, "group": "nger1241", "stroke": "#000"}, "geometry": {"type": "MultiPolygon", "coordinates": [[[[151.28961046284257, -5.760544893997953], [151.28962303954296, -5.760478555733359], [151.2896296910413, -5.760453859838903], [151.30798991166992, -5.699253124410106], [151.34685767447723, -5.569693915052374], [151.34685969059572, -5.569687814493771], [151.34692660675992, -5.56952942143357], [151.34693629445206, -5.569510949408091], [151.41383182905997, -5.4508253234908395], [151.41383461012197, -5.450820651437742], [151.41387755696994, -5.450758640801952], [151.41393630956927, -5.450740461434923], [151.41395879802184, -5.450735167929189], [151.51752262021498, -5.429159371638943], [151.51752743003212, -5.4291584740501255], [151.51759962406996, -5.4291494925518125], [151.51765131642597, -5.429147517825736], [151.51767205555197, -5.4291479872088555], [151.61267249610464, -5.433466189052156], [151.72559384125097, -5.4385989774678976], [151.72559870764087, -5.438599300186346], [151.7257268774365, -5.438615617573195], [151.72574232932732, -5.438618574952188], [151.85252899874473, -5.465879229949468], [151.9436834134227, -5.485478522693978], [151.94417426843685, -5.485558759400806], [151.9446706665128, -5.4855898322871735], [151.9451676957603, -5.485571433884917], [151.9456604380436, -5.485503746247383], [151.94614401764687, -5.485387439148009], [151.94661364951943, -5.485223663452865], [151.94706468662437, -5.485014039732767], [151.94749266592115, -5.484760642227624], [151.94789335252761, -5.484465978321702], [151.9482627816246, -5.484132963732905], [151.94859729768794, -5.483764893661554], [151.94889359066013, -5.483365410184188], [151.97348370639847, -5.446512302566653], [151.97348741570013, -5.4465070646862745], [151.9735492191846, -5.446433227009183], [151.97359883385658, -5.446386058602701], [151.97362016231037, -5.446368836236001], [152.03537587679244, -5.399519673525465], [152.03576706808056, -5.399190062630563], [152.03612253434412, -5.398822207086374], [152.0364385549325, -5.398419957221658], [152.0367118220712, -5.397987523369116], [152.05481327654041, -5.365807159868274], [152.0550242377796, -5.365387038270028], [152.05519480923968, -5.3649489604472995], [152.05532348302248, -5.364496799127223], [152.0554091216168, -5.364034551538889], [152.05545096795413, -5.363566304076741], [152.05544865210146, -5.363096196175741], [152.0554021945316, -5.362628383717636], [152.04485923998152, -5.29093629277725], [152.0448585490709, -5.29093059881419], [152.04485481478218, -5.29085171700001], [152.04490400473543, -5.290809748745305], [152.04492368663222, -5.290795314032501], [152.09019436557082, -5.259470792087631], [152.0901989813518, -5.259467763374857], [152.09026439613612, -5.259431245831388], [152.09030852304906, -5.259474223544204], [152.09032411798867, -5.2594917570693145], [152.12102360049556, -5.295924836628738], [152.12105591903256, -5.295964588164989], [152.12110377489137, -5.296027486028513], [152.1296089673151, -5.307694792878417], [152.12961278140313, -5.307700359497505], [152.12970209081993, -5.3078578512092855], [152.1297112001117, -5.30787781274219], [152.1448067739656, -5.343957126471258], [152.14480864922493, -5.343961900061356], [152.14483198040588, -5.344034596040249], [152.14484386376853, -5.344087566603971], [152.1448472632951, -5.344109065260394], [152.1474810522606, -5.363810923055194], [152.1474816272776, -5.36381610729969], [152.1474849745122, -5.363889957138244], [152.1474718677515, -5.363946966286134], [152.147465509356, -5.363968177200725], [152.14416712955534, -5.374066654221058], [152.1441315893446, -5.37416533209615], [152.1440901954091, -5.374261701031259], [152.1310920603989, -5.402181687440791], [152.13107574001614, -5.40221559314631], [152.13104933123557, -5.402267291239746], [152.12360882210268, -5.416307093406915], [152.12356359280997, -5.416387264305451], [152.12351420724775, -5.416464943956485], [152.09612290489903, -5.457143384021947], [152.09611923501006, -5.457148524330726], [152.09606046225522, -5.457218353221379], [152.09600447433712, -5.457260860740293], [152.09598177044123, -5.457275401991976], [151.9871735398819, -5.522466097890374], [151.98526130154033, -5.5236117846418935], [151.97071220814786, -5.532328639222396], [151.97066602114788, -5.532355176900253], [151.97059343910357, -5.532393706234578], [151.84199016137674, -5.59718644819793], [151.84198536070213, -5.597188731269308], [151.8419117316163, -5.597217945924944], [151.84185767133624, -5.597233751438624], [151.84183562782897, -5.597238638127368], [151.8221446268345, -5.601093280123115], [151.82213849080514, -5.601094310362685], [151.82204897629055, -5.601102208172669], [151.8219803496677, -5.601093218649255], [151.8219543796501, -5.601087718301874], [151.80839959708877, -5.59779785961772], [151.80839425972496, -5.5977964296350615], [151.80825526650594, -5.597748739309129], [151.8082388210178, -5.597741754657121], [151.775470420751, -5.5828148030932745], [151.77546522612562, -5.582812277814614], [151.7753948209155, -5.582771470488649], [151.7753557360506, -5.582719231795583], [151.7753424807854, -5.582698526411933], [151.75328949969355, -5.546086904727075], [151.75302527754218, -5.545692005753464], [151.75272476427924, -5.545323969989667], [151.75239067364222, -5.544986120924413], [151.75202602258375, -5.544681509450235], [151.75163410402754, -5.544412886312855], [151.7512184571321, -5.5441826772710145], [151.75078283533097, -5.543992961191046], [151.75033117243785, -5.543845451273989], [151.70309169949448, -5.530866087581908], [151.70267441712565, -5.5307704428747835], [151.702250482628, -5.530710843990397], [151.70182300382265, -5.530687727842176], [151.49197745676094, -5.52833746379008], [151.49130150735078, -5.528375733266854], [151.47146153521368, -5.530854833831491], [151.4709997142127, -5.530934676770608], [151.47054739783152, -5.531057409908667], [151.47010856018576, -5.531221954894975], [151.46968705696494, -5.531426866014035], [151.45869154181085, -5.537424974447161], [151.45825263235645, -5.537694628635413], [151.4578437965352, -5.538008010449965], [151.45746937381054, -5.538361793594935], [151.45713333837847, -5.538752222946816], [151.45683925698484, -5.539175154412095], [151.45659025106704, -5.539626098913466], [151.45638896362263, -5.5401002700377795], [151.4562375311559, -5.540592634839965], [151.4441390639641, -5.5886056868182346], [151.40278481715256, -5.751323677191273], [151.40277257910464, -5.751368788650432], [151.4027516623397, -5.751437797666243], [151.38473113317517, -5.8071184170771275], [151.38472925499565, -5.807123766921479], [151.3846976700547, -5.807196596717275], [151.38464725834348, -5.807236269039493], [151.3846272837627, -5.807249790240672], [151.31785073189536, -5.849885309263807], [151.31784614779696, -5.849888082744044], [151.3177821882247, -5.849920886058012], [151.3177539212082, -5.849868916499079], [151.31774448074088, -5.84984821501897], [151.30153682786892, -5.811687847000154], [151.3015349528032, -5.8116831532704385], [151.301493123405, -5.811555812664958], [151.30148904672976, -5.811540015713607], [151.2896225150102, -5.760635430347846], [151.28962130502507, -5.760629551906926], [151.28961046284257, -5.760544893997953]]], [[[151.17280959978487, -5.071314389870002], [151.1728949340525, -5.07122541842902], [151.23066119199854, -5.016818578568756], [151.23074885496766, -5.01674365102032], [151.23083404381833, -5.016821379994816], [151.27773774016578, -5.06395752282281], [151.3045631894564, -5.090915914328286], [151.30491240436783, -5.091235124698707], [151.30529022726145, -5.091519898602039], [151.30569327516673, -5.091767686214734], [151.30611793925215, -5.091976268883031], [151.30656041713806, -5.092143778988465], [151.30701674694274, -5.092268716670243], [151.30748284275634, -5.092349963254778], [151.30795453122568, -5.092386791272127], [151.3084275889217, -5.092378870969653], [151.30889778015552, -5.092326273264576], [151.3093608949042, -5.092229469108994], [151.30981278650646, -5.092089325273047], [151.31024940879155, -5.091907096583985], [151.3546098090532, -5.07087593542965], [151.3550516956954, -5.070638594219659], [151.35546757908602, -5.070358173714037], [151.35585327386346, -5.070037496004795], [151.35620489847796, -5.069679788323828], [151.37273450766563, -5.051083977987693], [151.3728168346896, -5.051000037333102], [151.372915288982, -5.051064306491128], [151.4465400054825, -5.104450216855691], [151.44663746880823, -5.104528736524185], [151.44668444516515, -5.10464474367932], [151.4700551161565, -5.172000992480514], [151.47516297719014, -5.186722279633593], [151.49665775654, -5.24867205019638], [151.49669317856456, -5.248794236351657], [151.49665081157713, -5.248914191404468], [151.47225991698997, -5.308029289621917], [151.47221159963823, -5.308132622211209], [151.47212930250694, -5.308211611911587], [151.42044170571143, -5.353438259107674], [151.42035239713977, -5.353509424640996], [151.42024707197257, -5.353553551313277], [151.392691694054, -5.363634787137144], [151.33188061974462, -5.385882741152772], [151.33175884530854, -5.385920295721584], [151.33163223238208, -5.3859058553006705], [151.24111963697297, -5.37082042273249], [151.24100545786214, -5.37079579321367], [151.2409150392668, -5.3707218475568865], [151.19787592143553, -5.331986641508736], [151.19779145062523, -5.331902839062453], [151.19779007145675, -5.331783858956123], [151.19994160606288, -5.2736924245909655], [151.1999530763387, -5.273564279686064], [151.20002696894613, -5.2734589584321006], [151.238842091089, -5.223861857916212], [151.26499870900057, -5.190439512807012], [151.26528179260828, -5.190038729402376], [151.26552422944783, -5.189612128833672], [151.26572368471994, -5.189163819497585], [151.26587823756128, -5.188698118858092], [151.2659863995435, -5.1882195118669285], [151.2660471290076, -5.187732607771054], [151.26605984109565, -5.18724209572308], [151.2660244133833, -5.1867526996221684], [151.26594118705873, -5.186269132620304], [151.265810963637, -5.185796051732059], [151.26563499724082, -5.185338012984999], [151.2654149825228, -5.184899427542647], [151.26515303834495, -5.18448451922257], [151.26485168737284, -5.1840972838187005], [151.26451383178113, -5.183741450619663], [151.26414272530383, -5.183420446493683], [151.2202586398021, -5.149076379579276], [151.18966347892473, -5.1251323406317715], [151.18956968209912, -5.125050996878207], [151.18952679458803, -5.124934483736772], [151.17284028223395, -5.071433790213299], [151.17280959978487, -5.071314389870002]]]]}}, {"type": "Feature", "properties": {"title": "Meramera", "fill": "#b63c02", "family": "Austronesian", "cldf:languageReference": "mera1242", "fill-opacity": 0.9, "group": "will1243", "stroke": "#000"}, "geometry": {"type": "MultiPolygon", "coordinates": [[[[151.23075749468126, -5.016736033271502], [151.23083989549286, -5.0166502676422144], [151.26421296647462, -4.985218019940703], [151.26430042070555, -4.985142998620965], [151.26440513442842, -4.9850949207953965], [151.35735380383574, -4.9475391098839125], [151.35745354320883, -4.947503663848359], [151.3575578435714, -4.947485613963988], [151.44097882980498, -4.936678371917604], [151.44107074429712, -4.9366699066812], [151.44116303307553, -4.936668258810602], [151.51348763877067, -4.938052680164885], [151.51360982608162, -4.938061053157832], [151.51372800744622, -4.938093193646171], [151.60885391986193, -4.969070593268795], [151.60933435079554, -4.969200981439356], [151.60982536618567, -4.969282949992039], [151.61032209879403, -4.969315686405503], [151.61081962470982, -4.969298866176835], [151.61131301215852, -4.969232656038204], [151.61179737038853, -4.969117712304118], [151.6122678981513, -4.968955174365634], [151.61271993129412, -4.968746653396043], [151.6439579873821, -4.952403921509986], [151.64437979922735, -4.952156239476614], [151.64477539059595, -4.951868525918458], [151.64514097533635, -4.951543534503117], [151.6454730544864, -4.951184375679516], [151.65397170127733, -4.9410391160728295], [151.65429379389283, -4.940609754281569], [151.67583597902473, -4.90842942991689], [151.67606867476724, -4.908045605605369], [151.6762660115325, -4.907642459711453], [151.68414476423862, -4.889530166831726], [151.68430652992078, -4.88910679034555], [151.6844292932241, -4.888670504938595], [151.68451204544783, -4.888224895407238], [151.6876583466379, -4.865616267819096], [151.68769831427207, -4.865205490196389], [151.6877042676222, -4.864792815718478], [151.68767616612553, -4.864381056112661], [151.68219280580368, -4.814470614144698], [151.68218680363407, -4.81441850120563], [151.67070901203485, -4.719163013436008], [151.6707006499518, -4.71904322862641], [151.67081744496352, -4.719015349418642], [151.70978740498288, -4.711758940994254], [151.7099118272904, -4.711742222613279], [151.7100370729577, -4.711750821317039], [151.76911048491306, -4.718818478512358], [151.7692304479923, -4.718838970166681], [151.76927778016315, -4.718951089361305], [151.7855010454166, -4.763484125860824], [151.7855362395122, -4.763597317625961], [151.78552655437798, -4.763715458213484], [151.77905943937753, -4.81329667321694], [151.76935441129967, -4.887701888480461], [151.76933110348327, -4.887828620738378], [151.7692584181293, -4.887935021673182], [151.7207915395034, -4.951493208966539], [151.72071162257456, -4.95158783334035], [151.72061454808323, -4.951664755578188], [151.67544546988904, -4.9839283828597445], [151.67533521313266, -4.983998633231432], [151.6752058240096, -4.984017344775795], [151.60402901853203, -4.990487963455573], [151.5370055105184, -4.9965810096386285], [151.46141163858388, -5.003453179814494], [151.40572929401193, -5.008515211139214], [151.40526022180498, -5.008580374045995], [151.40479941862347, -5.008689623154275], [151.40435101833162, -5.008841978390565], [151.40391904352737, -5.009036072976408], [151.40350736945567, -5.009270165689741], [151.40311968924357, -5.009542156485398], [151.4027594807694, -5.009849605334605], [151.40242997546244, -5.010189754114478], [151.40213412931405, -5.010559551351134], [151.37288884577598, -5.050891835558035], [151.3727335430958, -5.0510850631287765], [151.35561240070268, -5.070346348321006], [151.35552521917205, -5.070435038082349], [151.35541565814518, -5.070493884275467], [151.30716294141376, -5.093370383489354], [151.30705714422962, -5.093414539005078], [151.3069725265737, -5.0933371916971435], [151.27773774016578, -5.06395752282281], [151.23083707292255, -5.016824424110739], [151.23075749468126, -5.016736033271502]]], [[[151.1346692310762, -4.935220750313813], [151.13475510216415, -4.935147863226413], [151.1545967935397, -4.919885023706748], [151.15495916635552, -4.919577800312323], [151.15529074528877, -4.9192375714441035], [151.15558853684118, -4.918867408692003], [151.15584985254742, -4.91847065388937], [151.15607233324644, -4.91805088894288], [151.16836235610828, -4.891934590361531], [151.16842068386146, -4.89182537520167], [151.16854003425192, -4.891792427330634], [151.1972279563855, -4.885417333523169], [151.19734854403234, -4.885396824263884], [151.19743926826732, -4.885478867688447], [151.21090144442937, -4.898941043850503], [151.211277570418, -4.899280834655101], [151.21168616609043, -4.899580798197319], [151.21212303225096, -4.899837851709239], [151.212583679164, -4.900049353415414], [151.2130633726958, -4.900213129682776], [151.23420038586394, -4.906252276302242], [151.23431833146833, -4.906292525902857], [151.2344020223775, -4.9063848678090585], [151.24871132376234, -4.9238740139460475], [151.24878096131602, -4.923968203070264], [151.24869405141237, -4.924046737448432], [151.2232622263345, -4.944854594330318], [151.20705711296938, -4.958113323447212], [151.20695033527633, -4.958191520461783], [151.20682070544524, -4.958218210454278], [151.17818668433856, -4.962529007989628], [151.17806243181934, -4.9625413010786374], [151.17795352946578, -4.962480226649174], [151.1555503657786, -4.948374530994261], [151.13476154978935, -4.935285276482512], [151.1346692310762, -4.935220750313813]]]]}}, {"type": "Feature", "geometry": {"type": "Polygon", "coordinates": [[[152.025, -4.31803], [152.02461570560806, -4.321931806440323], [152.02347759065023, -4.325683668647302], [152.02162939224604, -4.329141404660392], [152.01914213562372, -4.332172135623731], [152.0161114046604, -4.334659392246051], [152.0126536686473, -4.336507590650226], [152.00890180644032, -4.337645705608065], [152.005, -4.33803], [152.00109819355967, -4.337645705608065], [151.9973463313527, -4.336507590650226], [151.9938885953396, -4.334659392246051], [151.99085786437627, -4.332172135623731], [151.98837060775395, -4.329141404660392], [151.98652240934976, -4.325683668647302], [151.98538429439193, -4.321931806440323], [151.98499999999999, -4.31803], [151.98538429439193, -4.314128193559678], [151.98652240934976, -4.310376331352699], [151.98837060775395, -4.306918595339608], [151.99085786437627, -4.30388786437627], [151.9938885953396, -4.3014006077539495], [151.9973463313527, -4.299552409349775], [152.00109819355967, -4.298414294391936], [152.005, -4.298030000000001], [152.00890180644032, -4.298414294391936], [152.0126536686473, -4.299552409349775], [152.0161114046604, -4.3014006077539495], [152.01914213562372, -4.30388786437627], [152.02162939224604, -4.306918595339608], [152.02347759065023, -4.310376331352699], [152.02461570560806, -4.314128193559678], [152.025, -4.31803]]]}, "properties": {"cldf:languageReference": "mini1251", "title": "Vinitiri", "family": "Austronesian", "group": "newi1242", "stroke": "#000", "fill": "#fdb97d", "fill-opacity": 0.9}}, {"type": "Feature", "properties": {"title": "Vitu", "fill": "#fedfc0", "family": "Austronesian", "cldf:languageReference": "mudu1242", "fill-opacity": 0.9, "group": "bali1280", "stroke": "#000"}, "geometry": {"type": "MultiPolygon", "coordinates": [[[[149.42795626171772, -4.6976859707556295], [149.427961745101, -4.697663634075191], [149.43314106090065, -4.680183443251244], [149.4331490675205, -4.680160608297752], [149.4331684274367, -4.680146091593833], [149.45714298848037, -4.663947063861616], [149.45716643159236, -4.66393303773702], [149.45719237200956, -4.6639244699822395], [149.48077312644776, -4.657551293107051], [149.4808686644784, -4.657520245236967], [149.48096060542875, -4.657479768735295], [149.48104802147802, -4.657430272070068], [149.48113003046842, -4.657372254736166], [149.4812058048074, -4.657306302214675], [149.48127457981929, -4.657233080064511], [149.48133566146208, -4.657153327205946], [149.4813884333313, -4.657067848463796], [149.48831191768323, -4.644479695096649], [149.4883246637024, -4.6444590361514], [149.48834893398208, -4.644458581674136], [149.5090715989419, -4.64510616495413], [149.5090956099954, -4.645108094542943], [149.5091145269823, -4.645123007678616], [149.52186301587278, -4.656226601467023], [149.52194465214677, -4.656290572128407], [149.52203247511844, -4.6563457432476305], [149.52212554010006, -4.656391521364042], [149.5222228460171, -4.656427414054951], [149.52232334617634, -4.656453035232489], [149.5224259595251, -4.656468109296651], [149.52252958227953, -4.656472474099848], [149.52263309979807, -4.656466082691083], [149.5311412438082, -4.655495855742557], [149.53116561948113, -4.655494321625399], [149.53117551304894, -4.655516651969405], [149.53705680028168, -4.670844657682105], [149.53709768502978, -4.670936982586697], [149.53714767174915, -4.671024713872579], [149.53720625080265, -4.671106957079757], [149.53727282495043, -4.671182873701671], [149.53734671543907, -4.6712516897341505], [149.5374271689217, -4.671312703566733], [149.53751336513886, -4.671365293135901], [149.53760442528124, -4.671408922267298], [149.53769942094968, -4.671443146142268], [149.53779738362047, -4.671467615832983], [149.5378973145201, -4.67148208185992], [149.54736990776297, -4.6723680078466625], [149.54739354518046, -4.672371409429888], [149.54739679268118, -4.672395068508949], [149.54869088749174, -4.687277158830394], [149.54869180537094, -4.687299898376911], [149.54867710974116, -4.687317275601465], [149.54053608075972, -4.696084537581457], [149.5404729134898, -4.696159640461993], [149.5404174117571, -4.696240573176788], [149.5403701100737, -4.696326556299562], [149.54033146398064, -4.696416761765839], [149.5403018456609, -4.696510320847667], [149.54028154035515, -4.696606332519944], [149.54027074361454, -4.696703872137781], [149.5402695594176, -4.696802000341337], [149.5409024616473, -4.713890360542758], [149.54090221119964, -4.713912414767876], [149.54088363166466, -4.7139005298000765], [149.52339632778933, -4.7014830634594444], [149.52330349360855, -4.701424529373051], [149.52320480422796, -4.701376520722237], [149.52310144830437, -4.701339615743572], [149.50708888600312, -4.696595152839491], [149.5070667775583, -4.696587403267344], [149.5070723228075, -4.696564641690248], [149.51029685438624, -4.685681847611935], [149.51251816008798, -4.678184940868541], [149.51530326240626, -4.668785220544276], [149.51532649105695, -4.668689873932156], [149.5153402622531, -4.668592709634121], [149.5153444433705, -4.668494663395475], [149.51533899414278, -4.6683966794550935], [149.51532396704894, -4.668299701451885], [149.5152995068081, -4.668204663337035], [149.5152658489858, -4.668112480379543], [149.5152233177252, -4.66802404035168], [149.51517232262563, -4.667940194979263], [149.5151133547978, -4.66786175173906], [149.51504698213407, -4.667789466082358], [149.5149738438395, -4.667724034159545], [149.51489464427584, -4.6676660861158075], [149.5148101461782, -4.667616180022484], [149.51472116330945, -4.667574796502534], [149.51462855262324, -4.667542334101878], [149.49847033394315, -4.662754713752219], [149.49837231019333, -4.662730974348027], [149.49827239375463, -4.662717229526545], [149.49817160099852, -4.66271361910305], [149.4980709572106, -4.6627201798035465], [149.49797148616108, -4.662736844891178], [149.49787419969084, -4.662763444845094], [149.49778008741876, -4.662799709084849], [149.4976901066751, -4.662845268722802], [149.48032202210138, -4.672769888479199], [149.48023492022557, -4.67282583232137], [149.48015406862095, -4.67289048112857], [149.4800803337297, -4.672963142095075], [149.48001450572806, -4.673043036553253], [149.47995729005862, -4.673129308318118], [149.4799092998702, -4.673221032862594], [149.4798710494473, -4.673317227225166], [149.47984294869863, -4.673416860543732], [149.47982529876452, -4.673518865102792], [149.47737215848477, -4.69394061019578], [149.47736523066808, -4.694039388371939], [149.47736810591599, -4.694138367438811], [149.47738075603627, -4.694236576894496], [149.47740305699298, -4.694333053783228], [149.4774347901225, -4.694426852137273], [149.47747564427755, -4.694517052252256], [149.47752521887818, -4.694602769704982], [149.47758302783933, -4.694683164025305], [149.47764850433703, -4.694757446937048], [149.4777210063662, -4.694824890087145], [149.47779982303555, -4.694884832187232], [149.47788418153795, -4.694936685497661], [149.47797325472794, -4.694979941590359], [149.47806616923194, -4.695014176334027], [149.47816201401187, -4.695039054052804], [149.47825984929787, -4.695054330817604], [149.47835871580295, -4.695059856837873], [149.47845764412892, -4.6950555779303045], [149.49151931099766, -4.693840539151814], [149.49154271598087, -4.693839516430939], [149.4915460278666, -4.6938627084687266], [149.49286558411129, -4.708047938098838], [149.49286660683217, -4.708071343082306], [149.49284341479452, -4.70807465496802], [149.46497946245344, -4.710666650534634], [149.46495557576776, -4.710667709617939], [149.46493394471344, -4.710657521738134], [149.44602834775932, -4.700607132411327], [149.44594204951292, -4.700566411603911], [149.44585226288274, -4.700534101659163], [149.44575980542737, -4.700510496777592], [149.44566551902477, -4.700495811895133], [149.4455702622065, -4.700490180726035], [149.44547490234038, -4.70049365454531], [149.44538030773245, -4.700506201721849], [149.44528733972066, -4.700527708006438], [149.44519684483194, -4.700557977572064], [149.44510964707393, -4.7005967347970365], [149.44502654043208, -4.700643626774671], [149.44494828163982, -4.700698226526713], [149.4448755832882, -4.700760036891216], [149.44480910733725, -4.700828495049496], [149.43900644531757, -4.707404845338469], [149.43899010201116, -4.707421630318299], [149.4389717959317, -4.707407010925327], [149.42797276865957, -4.697701986861667], [149.42795626171772, -4.6976859707556295]]], [[[149.33188557219256, -4.640562678218676], [149.33189561524404, -4.6405407379398085], [149.33346760174646, -4.637517686973634], [149.34031102956817, -4.624357248854945], [149.34032355499943, -4.6243358745285015], [149.34034696719928, -4.624327774086333], [149.36042102172564, -4.618499822772237], [149.36044570588385, -4.6184940110508945], [149.36047065821273, -4.618498534882778], [149.37804020423633, -4.622624815699089], [149.3781381798672, -4.622642730643503], [149.37823745164593, -4.622650810458886], [149.37833703477975, -4.622648974992101], [149.378435941387, -4.622637242451293], [149.37853319029742, -4.622615729225251], [149.37862781678535, -4.622584648728831], [149.39093208987927, -4.6178522360004095], [149.39095360690922, -4.617845135928848], [149.3909547042522, -4.617867767531322], [149.3909547042522, -4.627555324291366], [149.39095346966505, -4.627579863618278], [149.39093493669688, -4.627595995321809], [149.38188654922305, -4.634705442622675], [149.38186650103734, -4.63471963508279], [149.38184194113393, -4.634720043510036], [149.36273010196507, -4.634082982204408], [149.36263721308478, -4.634084203222392], [149.3625448383187, -4.6340940387478], [149.36245377484585, -4.634112403901668], [149.36236480852892, -4.634139140195751], [149.3622787071326, -4.634174016900243], [149.36219621369767, -4.634216733034939], [149.3621180401289, -4.6342669199666515], [149.34228985181997, -4.648338537476212], [149.34227009522553, -4.648351164716216], [149.34225067764928, -4.6483380221158095], [149.33190412442494, -4.640578107197574], [149.33188557219256, -4.640562678218676]]]]}}, {"type": "Feature", "properties": {"title": "Nakanai", "fill": "#b63c02", "family": "Austronesian", "cldf:languageReference": "naka1262", "fill-opacity": 0.9, "group": "will1243", "stroke": "#000"}, "geometry": {"type": "MultiPolygon", "coordinates": [[[[150.62330079843522, -5.654938946899078], [150.62336405764705, -5.65483386797988], [150.69600292079753, -5.546913123924635], [150.69607952523393, -5.546811168239171], [150.69620123639805, -5.546773094706547], [150.73472717117548, -5.536885020792725], [150.91394225759612, -5.490887641852086], [150.9143602938992, -5.490760641539606], [150.92365038391267, -5.487488546033557], [150.92414085966323, -5.48728593638095], [150.9246070991667, -5.487032484494756], [150.9250438503818, -5.486731045430717], [150.9788734379017, -5.445194561042304], [150.97935170528476, -5.444774317003591], [151.00271840214842, -5.421443944325908], [151.00303471275603, -5.4210969746827935], [151.0033170835475, -5.420721865272272], [151.01112288312373, -5.409270499959906], [151.01136443468513, -5.408878493682241], [151.0115689002616, -5.408465928649099], [151.01543172868756, -5.399676041263445], [151.01561129895612, -5.399204038888768], [151.01877854120676, -5.389418095730743], [151.01891426359484, -5.388908399458567], [151.02136832256488, -5.377250219910355], [151.0228654867657, -5.370137836190343], [151.02295012530988, -5.3695826293285895], [151.02297196516736, -5.369021432960888], [151.02293073079045, -5.368461327552363], [151.0185988308946, -5.3352437591195345], [151.01858965996803, -5.335139260102192], [151.01859815069025, -5.3350347036193355], [151.02439461226118, -5.288212533426623], [151.02445319578342, -5.287902019950263], [151.02857182785814, -5.27175724526862], [151.0286248362696, -5.271577794158133], [151.0388501768993, -5.241197609275393], [151.03891488813326, -5.241026365745121], [151.04689276143176, -5.222047753093613], [151.04698831920942, -5.221846135317746], [151.06605558463312, -5.185861233377296], [151.06608624651022, -5.185805113425913], [151.07103125630667, -5.177023198162399], [151.07112515517485, -5.176869650500527], [151.08463539505186, -5.15646608335442], [151.0846889674194, -5.15639131666853], [151.08474790142841, -5.156320699116864], [151.09685443596678, -5.142855575914585], [151.09699938123526, -5.1427072373152445], [151.11355559974098, -5.127113851817188], [151.113645117605, -5.127037412134185], [151.11375048520307, -5.127089892057748], [151.14365307342192, -5.143847616853083], [151.1437589904367, -5.143914254632914], [151.14381914179452, -5.144023985311788], [151.1761268846501, -5.210793320546657], [151.1761715525975, -5.21089758455087], [151.1761653980475, -5.21101084676698], [151.16853729160914, -5.286892460959144], [151.1685187071843, -5.2870151142201305], [151.16845366879792, -5.287120751390151], [151.1243160132518, -5.351353152112302], [151.0972935998223, -5.390678178926916], [151.07207422859278, -5.427379284564086], [151.07199264004586, -5.427485262052829], [151.0718815388972, -5.427559723142141], [151.02923775995305, -5.452914013590543], [150.9632044397886, -5.492174792540598], [150.96276765707265, -5.492466587054387], [150.9623638973971, -5.492802594946634], [150.96199761702812, -5.493179107722705], [150.96167285857547, -5.49359196983851], [150.9613932063745, -5.494036624564953], [150.9276768984748, -5.554474875068784], [150.89388663599127, -5.61504569304338], [150.89366556509998, -5.615493092314253], [150.89349019347904, -5.615960300234903], [150.89336226809945, -5.616442662695935], [150.89328306329475, -5.61693537462543], [150.8932533680666, -5.617433527854846], [150.89327347822513, -5.617932160011929], [150.89334319344223, -5.618426303953566], [150.89346181924716, -5.618911037246173], [150.89362817394442, -5.619381531200702], [150.89384060038543, -5.619833098973818], [150.92113656437164, -5.671053500607395], [150.92118651488067, -5.6711594530806515], [150.92108596860362, -5.6712195482227825], [150.7818855475795, -5.7454011156833324], [150.78178725903481, -5.745447561293289], [150.78180932143545, -5.745341113732354], [150.79344879277926, -5.700238162275085], [150.79354961090775, -5.699746803998754], [150.79360069123118, -5.6992478169735605], [150.79360151968274, -5.698746222950051], [150.79355208792504, -5.698247069915321], [150.78749242400457, -5.65784931044574], [150.7873931327674, -5.657357241808049], [150.78724500187485, -5.656877609102056], [150.78704952442888, -5.656415246839221], [150.7868086707662, -5.655974815451647], [150.78652486859826, -5.655560754316727], [150.7862009785407, -5.655177237009945], [150.78584026527957, -5.654828129236862], [150.75643124839408, -5.629095239462032], [150.75604509232807, -5.628789581302936], [150.7556307394549, -5.628523395063525], [150.75519220971708, -5.628299263212604], [150.75473375761467, -5.628119360218375], [150.75425983092921, -5.627985431452321], [150.7537750275727, -5.627898776256067], [150.75328405097957, -5.627860235335511], [150.7527916644755, -5.627870182604516], [150.7523026450647, -5.627928521557298], [150.75182173708475, -5.628034686204697], [150.7513536061782, -5.628187646565257], [150.75090279402792, -5.628385918657835], [150.75047367429465, -5.628627578898791], [150.75007041018506, -5.628910282764099], [150.74969691406136, -5.629231287535291], [150.7493568094846, -5.6295874789085945], [150.72262093226837, -5.660502747434444], [150.72252352551087, -5.660603308330599], [150.7224060812709, -5.6606795147650235], [150.65026999756628, -5.701900134024779], [150.65016556541593, -5.701953189711693], [150.65010252906583, -5.701854460797247], [150.63379866100584, -5.673322691692256], [150.62335619451352, -5.655048375330669], [150.62330079843522, -5.654938946899078]]], [[[150.37333313724488, -5.491287927741394], [150.3734203154521, -5.491207592370161], [150.41238389965287, -5.458688011065978], [150.41247837020393, -5.458616531415587], [150.41258919258027, -5.458574669423842], [150.42264856153895, -5.455314516001126], [150.4227612069389, -5.455283757706687], [150.42287623618083, -5.455263674571392], [150.4884381650515, -5.446959150910666], [150.48855581544876, -5.446949892643297], [150.48867309899737, -5.446963003735148], [150.51096195869926, -5.450532350474452], [150.51110598696573, -5.450564270320721], [150.5112452261741, -5.450613009021784], [150.57611279219967, -5.477734116333951], [150.5762148041388, -5.477782324365411], [150.57630006055052, -5.47785622831824], [150.59542397558027, -5.496019695737908], [150.5955138898727, -5.496114643068167], [150.5955568082006, -5.496238164696004], [150.60158879554533, -5.517102243422627], [150.6016170036453, -5.517221954916008], [150.60157265977926, -5.517336672657128], [150.58626389776762, -5.551720778155046], [150.58621131570433, -5.5518251048968175], [150.58609570373548, -5.551841922001784], [150.5365595383139, -5.556635744461937], [150.46968720836838, -5.563107260263116], [150.46957280902637, -5.563113033082301], [150.46945928789495, -5.563097752781188], [150.39838570459824, -5.550175283090872], [150.3982681402537, -5.5501478348955], [150.3982156045135, -5.550039139106434], [150.37337396909115, -5.491399222718798], [150.37333313724488, -5.491287927741394]]]]}}, {"type": "Feature", "properties": {"title": "Nalik", "fill": "#fdb97d", "family": "Austronesian", "cldf:languageReference": "nali1244", "fill-opacity": 0.9, "group": "newi1242", "stroke": "#000"}, "geometry": {"type": "MultiPolygon", "coordinates": [[[[151.5218271322895, -2.9747486900626714], [151.52184589389617, -2.974760375182949], [151.55110114528438, -2.9950148380192965], [151.55111937512712, -2.9950288543599104], [151.55109908529408, -2.9950396759886937], [151.53985570672975, -3.000333777228117], [151.5398337086445, -3.0003428731698905], [151.53981003317506, -3.000345347855115], [151.5233416717447, -3.0012711574999886], [151.523318245013, -3.0012713231525923], [151.52331578393685, -3.0012480254639495], [151.52182730083052, -2.9747707923594002], [151.5218271322895, -2.9747486900626714]]], [[[151.20140587883716, -2.932120241193455], [151.2014182900834, -2.932100600765823], [151.21905887243, -2.90697815018588], [151.2191131833905, -2.906891741574445], [151.21915840417162, -2.9068002472603034], [151.2191940637478, -2.906704620259994], [151.22604195889252, -2.885019618968402], [151.2260498690238, -2.884998114866314], [151.22606921008935, -2.8849858299250832], [151.26470831966907, -2.862899494842438], [151.26472958904145, -2.862888680453794], [151.26475147473747, -2.8628981859006184], [151.2806005144685, -2.8707236659552255], [151.2806896061197, -2.8707623926831385], [151.28078203504197, -2.870792292116215], [151.280876928976, -2.8708130820910562], [151.28097339239997, -2.87082456641097], [151.28107051498068, -2.87082663669749], [151.3113461527213, -2.8700005594189775], [151.31137070171098, -2.8700011026211696], [151.31139466630637, -2.8700064548293622], [151.4231312767945, -2.900826345354919], [151.4231560858013, -2.9008346204258637], [151.42317708117957, -2.900850213941218], [151.4643833380684, -2.9349724786615936], [151.46445190786375, -2.93502445421278], [151.47933328563232, -2.945327367319497], [151.47935152447425, -2.945341351937601], [151.47933611652627, -2.9453584053837156], [151.3903780476314, -3.034686709391282], [151.39035992064504, -3.034703150704247], [151.3903382426997, -3.034691794160158], [151.369703988267, -3.0225083320931256], [151.36967563149835, -3.022492206776072], [151.28139969826776, -2.9741815132071867], [151.2813435456608, -2.9741530418623667], [151.23746650308328, -2.9536156930699256], [151.237448231328, -2.9536066823705704], [151.21498228526542, -2.9419526633691597], [151.2149661816822, -2.941943536478491], [151.2149507988512, -2.9419332411389623], [151.20142400957877, -2.9321347691549153], [151.20140587883716, -2.932120241193455]]]]}}, {"type": "Feature", "properties": {"title": "Notsi", "fill": "#fdb97d", "family": "Austronesian", "cldf:languageReference": "nots1237", "fill-opacity": 0.9, "group": "newi1242", "stroke": "#000"}, "geometry": {"type": "MultiPolygon", "coordinates": [[[[151.62901167252448, -3.042006685858772], [151.62903248056875, -3.0420152230172697], [151.64191406772974, -3.0480447949784355], [151.64193652162112, -3.0480567421736753], [151.64195607693154, -3.048073005707964], [151.66191739914728, -3.066481455315015], [151.66193294392752, -3.0664972366698944], [151.66191200635146, -3.0665044691834673], [151.6443872176936, -3.0716311698914356], [151.64436420464153, -3.0716367031870524], [151.64434667429938, -3.071620800199136], [151.63764462748193, -3.0649187533816997], [151.629410971957, -3.056685097856752], [151.6293952858693, -3.056667847687168], [151.629393571135, -3.0566445951312526], [151.62901117128024, -3.042029171554899], [151.62901167252448, -3.042006685858772]]], [[[151.55985634609794, -3.028380590748652], [151.55986571431058, -3.0283591180735154], [151.56992590663847, -3.00807827241135], [151.56993758209185, -3.008057445701061], [151.5699578731825, -3.0080700290125253], [151.59800232930687, -3.0274862147358768], [151.5980206869376, -3.027500301822856], [151.59800494075944, -3.027517257839065], [151.58458228676875, -3.0406220257804066], [151.58456509667118, -3.040637284821254], [151.58454404386902, -3.040628058917208], [151.5725691338198, -3.0346879763283616], [151.55987679713107, -3.028392018541064], [151.55985634609794, -3.028380590748652]]]]}}, {"id": "3615", "type": "Feature", "properties": {"LANGUAGE": "Barok", "COUNTRY_NAME": "", "ISLAND_NAME": "Papua New Guinea", "SOVEREIGN": "", "cldf:languageReference": ["nucl1489"], "title": "Barok", "family": "Austronesian", "group": "newi1242", "stroke": "#000", "fill": "#fdb97d", "fill-opacity": 0.9}, "geometry": {"coordinates": [[[152.04283752641192, -3.4730831237219], [152.14951134625676, -3.3925996347151597], [152.16470336914062, -3.4111108779907227], [152.20745849609375, -3.4574999809265137], [152.2452392578125, -3.481388807296753], [152.27719116210938, -3.494722366333008], [152.2876206566532, -3.4988541416407073], [152.23717679720477, -3.5418518832479746], [152.18649291992188, -3.5062503814697266], [152.14434814453125, -3.4880902767181396], [152.04283752641192, -3.4730831237219]]], "type": "Polygon"}}, {"type": "Feature", "properties": {"title": "Patpatar", "fill": "#fdb97d", "family": "Austronesian", "cldf:languageReference": "patp1243", "fill-opacity": 0.9, "group": "newi1242", "stroke": "#000"}, "geometry": {"type": "Polygon", "coordinates": [[[152.32057426958116, -3.6150812156110055], [152.32067455570902, -3.615026450233373], [152.38354672488086, -3.584557781301149], [152.38365528165383, -3.5845116241283828], [152.38372133658544, -3.584609357457474], [152.3921910778019, -3.5985765176269653], [152.3922316351716, -3.5986458903051957], [152.41085467702598, -3.6317087263915186], [152.41112987585345, -3.632143379323618], [152.41144828012918, -3.6325474539246736], [152.41180651912913, -3.632916672538664], [152.4122008004269, -3.6332471265056028], [152.41262695004127, -3.6335353175397853], [152.41308045662348, -3.6337781947637064], [152.41355651921563, -3.633973187005569], [152.414050098075, -3.6341182300184887], [152.44048503291017, -3.6404291190606886], [152.49441826360632, -3.6533047564221137], [152.49453362516567, -3.653338343128498], [152.49460166368104, -3.6534373740157906], [152.55491346560515, -3.7511466613620383], [152.55492623973757, -3.7511698060146452], [152.55497357903815, -3.7512519313362813], [152.55496767574866, -3.7513514655094866], [152.55496693615822, -3.7513706667383167], [152.55277378887993, -3.776564682428271], [152.55276074135276, -3.7766661718237935], [152.55273941930977, -3.776766250322106], [152.5484820633909, -3.793374103562082], [152.54838425454656, -3.793851154273996], [152.5483333167594, -3.7943354571684833], [152.54832973321294, -3.7948224182654564], [152.54837353789986, -3.795307418369759], [152.5484643152995, -3.795785856887738], [152.5486012043194, -3.79625319546736], [152.54878290646343, -3.7967050010479215], [152.549007698149, -3.79713698791099], [152.54927344705658, -3.7975450583336925], [152.54957763235635, -3.7979253414587237], [152.5499173686201, -3.7982742300123613], [152.57629544903685, -3.8228465453537184], [152.57668009947452, -3.8231703166905056], [152.5770953209686, -3.8234538214498897], [152.57753691506772, -3.8236941930150277], [152.57800041665791, -3.823889000904047], [152.6028871275025, -3.832905191613862], [152.60330698958745, -3.833036713698323], [152.6037367883204, -3.8331308161862694], [152.6592989237841, -3.8427560913015646], [152.65942009061357, -3.8427834700400862], [152.65949415943865, -3.8428831936835164], [152.66442518855132, -3.850277471254619], [152.66448435479674, -3.8503759848627634], [152.6644293065251, -3.8504768573732906], [152.63762602533458, -3.894505412185877], [152.63740400411908, -3.894911274246423], [152.63722044502236, -3.8953359193810244], [152.6213749314114, -3.93721334820998], [152.6212144927167, -3.9377160455868996], [152.60333364076672, -4.005990338827334], [152.60330024011432, -4.0060960312363685], [152.6032434239348, -4.006000855552907], [152.58201827366528, -3.9660385869608357], [152.58178148976626, -3.965638801194241], [152.5388934510785, -3.9003491502493337], [152.53853069874663, -3.899863796261079], [152.51249034207981, -3.8691017542331143], [152.51216010309676, -3.8687478953824805], [152.51179719674627, -3.86842762541376], [152.49171716926375, -3.852366624728185], [152.49145456728957, -3.852123775373782], [152.45588983999437, -3.814158897279884], [152.37504094484208, -3.727853766271709], [152.3749730315854, -3.727774907702278], [152.37491919117065, -3.727685845397195], [152.35846780289413, -3.697709773095019], [152.35843292707133, -3.697635463782569], [152.3584248369613, -3.697578868347285], [152.35842339623642, -3.6975634527697854], [152.35534884186413, -3.655785200098551], [152.35529299481826, -3.6553224029291647], [152.35519429038249, -3.654866818088674], [152.35505358649624, -3.6544224055225625], [152.35487210615833, -3.6539930280668553], [152.35465142679664, -3.65358241787233], [152.35439346655718, -3.6531941439646456], [152.35410046763153, -3.6528315812223617], [152.32064591762241, -3.6151702274767543], [152.32057426958116, -3.6150812156110055]]]}}, {"type": "Feature", "properties": {"title": "Pele-Ata", "fill": "#727272", "family": "Other", "cldf:languageReference": "pele1245", "fill-opacity": 0.9, "group": "pele1245", "stroke": "#000"}, "geometry": {"coordinates": [[[150.8925582782997, -5.617426843884688], [150.9276768984748, -5.554474875068784], [150.96204842330872, -5.492862113840916], [151.02923775995305, -5.452914013590543], [151.07199769568308, -5.4274906609492515], [151.11135079689288, -5.42482271147954], [151.1351203602176, -5.448592274804235], [151.1524073153628, -5.489648793274162], [151.1480855765765, -5.5177400953851645], [150.97089428633788, -5.731666165307417], [150.92119429029532, -5.671161822299103], [150.8925582782997, -5.617426843884688]]], "type": "Polygon"}}, {"type": "Feature", "properties": {"title": "Ramoaaina", "fill": "#fdb97d", "family": "Austronesian", "cldf:languageReference": "ramo1244", "fill-opacity": 0.9, "group": "newi1242", "stroke": "#000"}, "geometry": {"type": "MultiPolygon", "coordinates": [[[[152.39754347067293, -4.231597037888577], [152.39754264978825, -4.231479874025576], [152.39851452076164, -4.208154970663167], [152.39852536872309, -4.208036337277031], [152.39864232068317, -4.2080136701717645], [152.41214746608838, -4.2060843636853065], [152.41226409855128, -4.206073507877749], [152.4122863340656, -4.206188514668119], [152.4138138862471, -4.216881379938603], [152.4139102886687, -4.217376372095599], [152.41405606138596, -4.2178591359895075], [152.41424972153675, -4.218324760740103], [152.41448929912738, -4.218768509813836], [152.41477235707242, -4.219185869205871], [152.41509601598574, -4.219572593358471], [152.41545698347082, -4.219924748348621], [152.41857778542334, -4.2226762398299895], [152.41896563435546, -4.222985395028144], [152.41938220472807, -4.223254602857459], [152.4198233974265, -4.223481214272719], [152.4202848710488, -4.223662999383784], [152.42076208462566, -4.22379816939803], [152.42125034230426, -4.223885394222349], [152.4217448395562, -4.223923815551451], [152.4222407104547, -4.2239130553137265], [152.42273307555612, -4.223853219391518], [152.4232170899144, -4.223744896579231], [152.42368799075604, -4.223589152789502], [152.42414114434646, -4.223387520564464], [152.42457209158673, -4.2231419839953], [152.4249765918917, -4.222854959198492], [152.42535066491797, -4.222529270540871], [152.42569062973115, -4.222168122847432], [152.4259931410268, -4.22177506986537], [152.42625522204855, -4.221353979294683], [152.43092873619088, -4.212941653838511], [152.43956861089939, -4.197389879363244], [152.43979037826702, -4.19693864474509], [152.4399657069351, -4.196467419423082], [152.44009282402618, -4.19598096830414], [152.44017044416552, -4.195484210254448], [152.44019778247863, -4.194982168361176], [152.44017456252763, -4.194479919140332], [152.44010101910658, -4.193982541204366], [152.43997789586732, -4.193495063908574], [152.43980643779972, -4.193022416495569], [152.43311052618685, -4.177109617401799], [152.4329094335851, -4.176687984112404], [152.43266986987473, -4.176286957811677], [152.43239392609107, -4.175910038863545], [152.43208401081344, -4.175560517210553], [152.4317428291419, -4.175241443657557], [152.43137335908568, -4.174955603242722], [152.43097882556953, -4.174705490928286], [152.430562672285, -4.17449328982324], [152.43012853163214, -4.174320852128029], [152.42968019301395, -4.174189682967594], [152.41140616914268, -4.169758501760791], [152.41129382311232, -4.169725345321945], [152.4113158080572, -4.169610290369321], [152.41492859324077, -4.154711300775979], [152.4149639598385, -4.154592372176916], [152.4150839083812, -4.154560636471152], [152.42700036553353, -4.152051908649614], [152.44329770742385, -4.14862088930428], [152.4437808372884, -4.148493670719031], [152.44424885959958, -4.148318873262925], [152.44469710164074, -4.148098242107015], [152.44512108818068, -4.147833980024242], [152.44551658615413, -4.147528725397032], [152.4458796469246, -4.147185525875794], [152.4462066457074, -4.1468078079512924], [152.4464943177593, -4.146399342744697], [152.4467397909736, -4.14596420835685], [152.44970079550336, -4.140042199297332], [152.44988865950674, -4.139618422794226], [152.45003646998873, -4.139179069326325], [152.45014295649221, -4.138727915214162], [152.4502072037469, -4.138268838206885], [152.45022865953632, -4.137805784152324], [152.4502071394442, -4.137342733081728], [152.45014282843945, -4.136883665000702], [152.4500362792866, -4.136432525680347], [152.44755993230143, -4.127765311232238], [152.44740208922002, -4.127300554273695], [152.44719943838567, -4.12685351276757], [152.44695393265098, -4.126428494646665], [152.44666793784148, -4.126029595614572], [152.4463754101093, -4.125696216877947], [152.44650531719836, -4.125292168871069], [152.4466100754566, -4.124803057911662], [152.44665044557613, -4.124554406559494], [152.4467406251893, -4.1244774713496755], [152.45823412269485, -4.11561932655131], [152.4583307815727, -4.115552201268077], [152.45839622241195, -4.115650008419298], [152.46726616477136, -4.130445870034199], [152.47735615510464, -4.147276881400188], [152.47762250344485, -4.147676342969251], [152.4779259371717, -4.148048416828713], [152.47826365849295, -4.148389672294122], [152.47863255346962, -4.148696962840153], [152.49859163784828, -4.163760422748566], [152.49868653946862, -4.1638399304940625], [152.49868135703326, -4.1639636274684015], [152.4975645471636, -4.175973804464966], [152.49667029127363, -4.18559063523409], [152.49665320990673, -4.185710499813693], [152.496602238431, -4.185820323305226], [152.49275681645182, -4.193146381356219], [152.4849438327294, -4.208031190516829], [152.47576287401088, -4.225522180296424], [152.47570933061914, -4.225613136046137], [152.47569092380647, -4.225509208029604], [152.4750386672025, -4.2203850003791405], [152.47495290021945, -4.219901877526226], [152.4748201919074, -4.219429487676313], [152.47464182031993, -4.218972380201892], [152.47441950327294, -4.2185349572978215], [152.47415538180113, -4.218121431585786], [152.47385199953862, -4.217735785544449], [152.4735122782225, -4.217381733156005], [152.47313948955474, -4.217062684138499], [152.47273722369397, -4.216781711108379], [152.47230935468036, -4.216541519989522], [152.47186000312638, -4.216344423953703], [152.47139349653318, -4.21619232114349], [152.47091432761422, -4.216086676392095], [152.47042711102816, -4.216028507116224], [152.46993653893705, -4.216018373517803], [152.4694473358183, -4.216056373188923], [152.45811710967988, -4.217498589298652], [152.44762431148462, -4.21883420982453], [152.42940531206543, -4.221153292792906], [152.42891490584682, -4.221240730825151], [152.4284356339172, -4.221376532467915], [152.4279722534083, -4.2215593497884845], [152.42752936371775, -4.2217873681884335], [152.42711136085643, -4.22205832441487], [152.42672239381488, -4.222369529024911], [152.42636632338147, -4.22271789308041], [152.42604668382114, -4.223099958807976], [152.4257666477952, -4.223511933919955], [152.42552899487032, -4.22394972925572], [152.42533608392927, -4.224408999369639], [152.4251898297572, -4.224885185662874], [152.42509168403595, -4.225373561630872], [152.42504262093513, -4.225869279777456], [152.42504312744262, -4.226367419729845], [152.42509319853096, -4.226863037077026], [152.42519233720725, -4.227351212446727], [152.42533955944603, -4.227827100333859], [152.4255334039567, -4.228285977195774], [152.42577194668772, -4.228723288336951], [152.42605281992434, -4.229134693117754], [152.42637323578995, -4.229516108038515], [152.42673001391782, -4.229863747271331], [152.43083666719286, -4.233484426082449], [152.43092062385597, -4.233566109976984], [152.43084756248336, -4.233657668788031], [152.4262829657576, -4.238834934453118], [152.42619830602948, -4.238921803026987], [152.4260794333162, -4.2388976639163305], [152.39765544158175, -4.231631542384875], [152.39754347067293, -4.231597037888577]]], [[[152.4380404902878, -4.127438897086939], [152.4379349645201, -4.127479829349455], [152.42024618783594, -4.133352154048874], [152.42012705191087, -4.133385096229073], [152.42002820188418, -4.133310885528053], [152.4084400217644, -4.123654068761551], [152.40834731035682, -4.123568304757231], [152.40834778338294, -4.123442008891506], [152.40870624556462, -4.116989689620994], [152.40931589231147, -4.1060160481777634], [152.40932763504392, -4.105904153868717], [152.40942084448898, -4.105967163610897], [152.42110780954752, -4.114732387404808], [152.4311693476954, -4.122278541015707], [152.43795341169758, -4.127366589017332], [152.4380404902878, -4.127438897086939]]], [[[152.44370347178503, -4.2443676864776005], [152.443765090246, -4.244268736603597], [152.4524649082029, -4.231702332888011], [152.4525362288519, -4.231609411711698], [152.45263569323325, -4.231671281064197], [152.4626481781929, -4.238603001420845], [152.46273619707443, -4.238670521418735], [152.46263158897978, -4.238707445938285], [152.45902627378493, -4.239785323676958], [152.45854462613414, -4.239956596175448], [152.45808298353546, -4.240176152180438], [152.45764617142314, -4.2404416967280865], [152.45723875568464, -4.240750454147852], [152.45686499493445, -4.241099197075886], [152.4565287959999, -4.241484280189849], [152.45623367308414, -4.241901678312558], [152.45598271103296, -4.242347028486147], [152.45160628906038, -4.251135616085788], [152.4515509537887, -4.251234515803183], [152.4514621769104, -4.251164075670042], [152.44378736621155, -4.244448616308552], [152.44370347178503, -4.2443676864776005]]], [[[152.40201267686047, -4.284020692459723], [152.40211467630178, -4.284061154189094], [152.41269445442524, -4.28887014424519], [152.41279858481587, -4.288923789764163], [152.41275540417786, -4.289032676918854], [152.40789643999932, -4.299722398111676], [152.40784605740387, -4.299820169456202], [152.40780293406058, -4.299718986360079], [152.402045597587, -4.284125369407192], [152.40201267686047, -4.284020692459723]]]]}}, {"type": "Feature", "properties": {"title": "Siar", "fill": "#fdb97d", "family": "Austronesian", "cldf:languageReference": "siar1238", "fill-opacity": 0.9, "group": "newi1242", "stroke": "#000"}, "geometry": {"coordinates": [[[152.68136596679688, -4.522222518920898], [152.7501075102141, -4.505675488526814], [152.82027171439026, -4.496473625684039], [152.87203219288085, -4.473468968577102], [152.8950368499878, -4.433210818639961], [152.8927363842771, -4.375699175872618], [152.84672707006322, -4.3043847388411125], [152.81957269589134, -4.270118504767039], [152.87403134373486, -4.264767825970316], [152.92471259139822, -4.284804598302347], [152.98516631445685, -4.308704907418551], [153.0472904927236, -4.347272182631616], [153.11918714638557, -4.3802739252961365], [153.12808227539062, -4.391597270965576], [153.1006622314453, -4.415416717529297], [153.07359313964844, -4.436388969421387], [153.05885314941406, -4.452499866485596], [153.03997802734375, -4.492916107177734], [153.04766845703125, -4.516458511352539], [153.07191467285156, -4.540416717529297], [153.07843017578125, -4.594861030578613], [152.9774627685547, -4.763611316680908], [152.9009552001953, -4.8229169845581055], [152.73898315429688, -4.665763854980469], [152.69302368164062, -4.558333396911621], [152.68136596679688, -4.522222518920898]]], "type": "Polygon"}}, {"type": "Feature", "properties": {"title": "Sulka", "fill": "#515151", "family": "Other", "cldf:languageReference": "sulk1246", "fill-opacity": 0.9, "group": "sulk1246", "stroke": "#000"}, "geometry": {"coordinates": [[[151.91303334175308, -5.111496649472199], [151.92815942750516, -5.050992306463886], [151.96664428710938, -5.023333549499512], [151.96469116210938, -5.104722023010254], [151.969970703125, -5.148333549499512], [151.97689819335938, -5.161805629730225], [151.9932861328125, -5.175555229187012], [152.0710906982422, -5.236666202545166], [152.09026517007408, -5.259421799731699], [152.04484637473547, -5.290848809103987], [151.982181162334, -5.267079245779292], [151.92383768871883, -5.20225316398467], [151.91303334175308, -5.111496649472199]]], "type": "Polygon"}}, {"type": "Feature", "properties": {"title": "Sursurunga", "fill": "#fdb97d", "family": "Austronesian", "cldf:languageReference": "surs1246", "fill-opacity": 0.9, "group": "newi1242", "stroke": "#000"}, "geometry": {"coordinates": [[[152.60330200195312, -4.006111145019531], [152.62128143041528, -3.937460457985464], [152.63738469039015, -3.89490184233763], [152.66449079570646, -3.85037585183697], [152.67083740234375, -3.8598928451538086], [152.70108032226562, -3.8830552101135254], [152.73968505859375, -3.896111011505127], [152.76971435546875, -3.900277614593506], [152.91912841796875, -4.004167556762695], [152.94652221431022, -4.031991973037475], [152.90342884390665, -4.103777883354326], [152.7581591402015, -4.118047016274921], [152.66897298968865, -4.137905080624793], [152.60330200195312, -4.006111145019531]]], "type": "Polygon"}}, {"type": "Feature", "properties": {"title": "Tangga", "fill": "#fdb97d", "family": "Austronesian", "cldf:languageReference": "tang1348", "fill-opacity": 0.9, "group": "newi1242", "stroke": "#000"}, "geometry": {"type": "MultiPolygon", "coordinates": [[[[153.66608039758285, -4.023785787996135], [153.6660799391397, -4.0237247844441235], [153.66608142983011, -4.023701516036167], [153.66724403940628, -4.010912810698072], [153.66724467831335, -4.010907286906579], [153.66725881708177, -4.010832301889509], [153.66731639989453, -4.01080779018388], [153.66733875642618, -4.0108001042649954], [153.71442510435602, -3.996003533222248], [153.71443101054743, -3.996001847920517], [153.71452113323429, -3.9959834923902493], [153.71458624539594, -3.995977461543353], [153.71461243560037, -3.9959770631103084], [153.73577453057257, -3.9962669548222527], [153.73578001322085, -3.9962671645890255], [153.7358537332936, -3.996275279536441], [153.73585888070852, -3.9963360672621415], [153.73585918344926, -3.9963593814075], [153.7357166429925, -4.006764834752095], [153.73573400422748, -4.00725520425962], [153.73579934648023, -4.007741510805325], [153.73591204046912, -4.008219070991335], [153.7360710008894, -4.008683285651996], [153.73627469686537, -4.009129684146361], [153.7365211666934, -4.009553967412902], [153.7368080367343, -4.009952049371826], [153.73713254427278, -4.0103200962762555], [153.73749156412384, -4.010654563633305], [153.73788163873007, -4.0109522303394884], [153.73829901145976, -4.011210229701703], [153.73873966278538, -4.011426077045055], [153.73919934899374, -4.011597693641632], [153.7396736430554, -4.011723426729796], [153.7401579772593, -4.011802065431175], [153.7406476872022, -4.011832852412084], [153.75320553299787, -4.012004877696956], [153.75321096048106, -4.012005086320652], [153.7532828807565, -4.012013056520768], [153.75326972481918, -4.012071107241336], [153.75326301825135, -4.012093185263766], [153.74860551535915, -4.02606569394031], [153.7486035445287, -4.026071143106377], [153.74857057405939, -4.026144866617233], [153.74851434731107, -4.02617864653448], [153.74849232640952, -4.026189760129821], [153.72861435865912, -4.03554409789472], [153.72860945847683, -4.035546266239057], [153.72853933313323, -4.035571789143755], [153.72848004827097, -4.035559097239959], [153.72845816446323, -4.035552839002384], [153.71283519086228, -4.03065387953986], [153.71282970038052, -4.03065200339793], [153.7127556378009, -4.030620417574432], [153.71272685831812, -4.030561435606128], [153.71271769690134, -4.030538498052086], [153.71022939778803, -4.023770724704642], [153.710037679837, -4.023319052374685], [153.70980261343018, -4.022888346615757], [153.70952646238555, -4.022482755359765], [153.70921188618863, -4.022106184672226], [153.70886191438012, -4.021762261134713], [153.70847991737992, -4.0214542969189], [153.70806957402792, -4.021185257888537], [153.70763483615494, -4.020957735036557], [153.70717989052432, -4.020773919532402], [153.70670911851118, -4.020635581619861], [153.70622705390738, -4.020544053568654], [153.70573833925857, -4.020500216843948], [153.705247681154, -4.020504493617367], [153.7047598048994, -4.020556842701245], [153.70427940900979, -4.020656759945286], [153.70381111996025, -4.020803283091808], [153.6898844336014, -4.025923691169735], [153.6898795580641, -4.0259253621349025], [153.68980909517728, -4.025944546753529], [153.68975130833235, -4.025944427577576], [153.68972948283863, -4.0259429737557495], [153.66615872579862, -4.02380017766119], [153.66615327550815, -4.02379954697562], [153.66608039758285, -4.023785787996135]]], [[[153.5647192094997, -4.087437121784881], [153.5647376639567, -4.087374133569978], [153.56474634213956, -4.087351005859277], [153.5734357963221, -4.066008049777762], [153.5734378716063, -4.066003262885442], [153.57347164137212, -4.065937479055806], [153.57351133720348, -4.065894491982728], [153.5735273933933, -4.065879234455522], [153.59225184127973, -4.048938067320186], [153.60832011802043, -4.034400102650017], [153.63300634344574, -4.012064946312826], [153.6330107375222, -4.012061166679126], [153.6330769092432, -4.012012154762201], [153.63313845169372, -4.011990781365146], [153.63316228725776, -4.011984407434864], [153.65726152411193, -4.006240742812369], [153.6572667995472, -4.006239622500976], [153.65733757109774, -4.006229843120434], [153.65733325706026, -4.006288435917365], [153.6573299352773, -4.006311099836656], [153.65428683101743, -4.023792399650707], [153.6505233074843, -4.045412192343366], [153.6504606539044, -4.045931875357359], [153.65045267429377, -4.04645526071436], [153.65049945610767, -4.046976612196564], [153.65060048662508, -4.047490215877099], [153.65075465856808, -4.047990442743734], [153.6509602822374, -4.04847181039192], [153.66367814572223, -4.074396685957164], [153.6636805052166, -4.074401809310859], [153.66370835315166, -4.0744757020066755], [153.66369997385326, -4.074538962976987], [153.66369513764724, -4.074562462626307], [153.65672120367734, -4.104394422632713], [153.6567198342691, -4.104399703749228], [153.65669609729883, -4.104470457181614], [153.6566358711165, -4.1044817914206275], [153.65661284435325, -4.104484473325215], [153.64649663242506, -4.105394932398754], [153.64601067774348, -4.1054628419993575], [153.6455337193714, -4.105578056484889], [153.64507035067862, -4.105739466276872], [153.644625034159, -4.105945516910772], [153.644202058454, -4.106194224006347], [153.64380549705095, -4.10648319237831], [153.6434391690529, -4.106809639103271], [153.64310660239875, -4.1071704203208155], [153.64281099988716, -4.107562061510595], [153.6425552083319, -4.107980790953861], [153.6423416911455, -4.108422576057173], [153.64217250461522, -4.10888316218848], [153.64204927809976, -4.109358113651558], [153.64197319833787, -4.109842856404181], [153.6419449980192, -4.110332722108654], [153.64196494872832, -4.110822993090457], [153.64367135780125, -4.129783093900508], [153.64367171844705, -4.129788635039578], [153.6436711883409, -4.129863965569199], [153.64361155989508, -4.1298807079907585], [153.64358843201842, -4.129885434820228], [153.6237235448224, -4.133391003148933], [153.62371815550657, -4.133391823833231], [153.62364170014084, -4.133398159306276], [153.623582867689, -4.133380192498986], [153.6235612263065, -4.133371924428449], [153.6036795369682, -4.125185346465629], [153.60367469649995, -4.125183222728512], [153.60360911329195, -4.125149091482988], [153.60357382021314, -4.1251008702125675], [153.60356179638498, -4.125081916695666], [153.5909184920887, -4.1040097428685085], [153.59063115923388, -4.103582397352021], [153.59030139548372, -4.10318687209494], [153.58993269876575, -4.102827362581752], [153.5895289799841, -4.10250768226446], [153.58909452153506, -4.102231222111879], [153.58863393188201, -4.102000914640351], [153.5881520966719, -4.101819202807455], [153.5876541269112, -4.101688014098634], [153.58714530475154, -4.1016087400816374], [153.58663102746013, -4.101582221645646], [153.5730440590188, -4.101582221645646], [153.57303864684485, -4.101582093362717], [153.5729643915066, -4.101575198332854], [153.5729287572469, -4.101525585486732], [153.57291665956646, -4.101506024292008], [153.56475548645398, -4.087515441813466], [153.56475269086818, -4.0875103567924285], [153.5647192094997, -4.087437121784881]]], [[[153.24741753769254, -3.377012793440043], [153.24747528983906, -3.3769921805418583], [153.24749778403753, -3.3769859167776213], [153.2652437434188, -3.3725494269323026], [153.2657408321292, -3.37239729904484], [153.26621943893852, -3.3721943813220765], [153.26667439029708, -3.371942867224081], [153.26710076836122, -3.371645475518457], [153.28741525372013, -3.355845320239303], [153.28741966598938, -3.355842059056448], [153.28748230106225, -3.3558023432014497], [153.28752429430926, -3.355846594875856], [153.287539094941, -3.355864611043827], [153.292503582419, -3.3622475235155362], [153.29282347066874, -3.362619592291525], [153.29317828768654, -3.362958514923203], [153.29356461639057, -3.3632610274003465], [153.29397873622423, -3.36352421636243], [153.29441665898713, -3.363745547155876], [153.29487416724368, -3.363922888244151], [153.29534685493925, -3.3640545317356305], [153.29583016983293, -3.3641392098315284], [153.29631945733811, -3.3641761070354907], [153.29681000534865, -3.3641648680072738], [153.29729708961904, -3.364105600984863], [153.29777601926145, -3.3639988767420825], [153.29824218192167, -3.3638457230917327], [153.2986910881984, -3.3636476149871877], [153.29911841487885, -3.363406460317792], [153.29952004657346, -3.3631245815348434], [153.3094027226066, -3.3554380557313093], [153.3094071597585, -3.355434774395513], [153.30947108236896, -3.3553941490130565], [153.30952811505708, -3.3554187735265995], [153.30954894008198, -3.35542957020831], [153.33573233754885, -3.3698949053129876], [153.33573716155624, -3.369897726056057], [153.33580115374033, -3.3699415048874273], [153.3358189714851, -3.370002150585492], [153.3358240360236, -3.3700253669591023], [153.3405063348483, -3.394607435788831], [153.3405072181689, -3.394612742525972], [153.34051452862624, -3.394687650427338], [153.3404925019762, -3.394744352119475], [153.34048280311347, -3.3947650462041383], [153.33348790863025, -3.4087548351706123], [153.33348534209998, -3.408759670131369], [153.3334459415036, -3.408822676670206], [153.33338683991866, -3.4088071546777208], [153.33336481743694, -3.4087996662546125], [153.3167152396005, -3.4026416032192137], [153.31670993196062, -3.4026394888855966], [153.31663794000988, -3.402604601827817], [153.31660034512305, -3.402552011279911], [153.3165876723751, -3.4025312654671067], [153.30983972259756, -3.390781500908199], [153.30958252453695, -3.390379406230472], [153.30928815690268, -3.3900036687314965], [153.30895930233737, -3.389657712596855], [153.30859895777115, -3.3893446906074476], [153.30821040711024, -3.3890674554074423], [153.30779719130953, -3.388828533507444], [153.3073630761034, -3.3886301022598047], [153.3069120176874, -3.388473970015886], [153.30644812666463, -3.3883615596461265], [153.28833410348696, -3.384878093650416], [153.28783288973105, -3.384807791515689], [153.2873271366243, -3.3847885194047698], [153.28682202626717, -3.3848204747855806], [153.28632273417432, -3.3849033302335503], [153.28583437624468, -3.3850362367865072], [153.28536195634246, -3.3852178326434044], [153.28491031502597, -3.385446257117746], [153.28448407994975, -3.3857191697027527], [153.26869663217806, -3.396993548593764], [153.2686918535357, -3.396996782730585], [153.2686221395232, -3.397036866548469], [153.2685570581249, -3.397031343510462], [153.26853280444715, -3.397027480997139], [153.24984906461964, -3.3935242797794865], [153.24984375768744, -3.393523152738572], [153.24977240179504, -3.3935027269238165], [153.24975805819227, -3.393443486844718], [153.24975420584732, -3.3934207616618184], [153.24742163219256, -3.3770927460783584], [153.24742098844567, -3.377087289578429], [153.24741753769254, -3.377012793440043]]], [[[153.17491479013432, -3.463905685685078], [153.1749600134261, -3.4638650724346047], [153.17497835011974, -3.463850824115795], [153.1960332171612, -3.448369304232401], [153.20307590075458, -3.4431908604137225], [153.21490723156978, -3.434491352461366], [153.214911898781, -3.4344880996494163], [153.21497850153673, -3.4344486312040408], [153.2150277929585, -3.434488819330946], [153.2150453716758, -3.434505454654462], [153.2290616747356, -3.4485217577142744], [153.2290655757242, -3.44852585469317], [153.2291162694123, -3.4485873139002083], [153.2291348648602, -3.4486484230670955], [153.22914021268025, -3.4486718862036025], [153.232332943286, -3.4646355392323014], [153.2324430685566, -3.4650794858497105], [153.23259330289517, -3.4655115111010995], [153.23278238904365, -3.465927999519656], [153.23300874460674, -3.4663254656608373], [153.2332704752947, -3.466700583270824], [153.23356539077574, -3.467050213122764], [153.23389102300635, -3.4673714292878492], [153.24438256854287, -3.4768138202707135], [153.2443865754144, -3.4768176030568707], [153.24443915654382, -3.4768746222203544], [153.24446115224183, -3.476932793619591], [153.24446789913264, -3.476955224998948], [153.2482539840652, -3.490840038284335], [153.24825527316875, -3.490845239148207], [153.24826829679247, -3.4909187159099226], [153.24824555632708, -3.4909749146619156], [153.2482356126685, -3.490995387565845], [153.24094813002588, -3.505080510996561], [153.24094548993105, -3.5050853207093677], [153.24090525584512, -3.5051476241591413], [153.2408485862805, -3.5051250364670916], [153.24082759926384, -3.5051148784054202], [153.213887233375, -3.491176239545314], [153.2134306357155, -3.4909683408334735], [153.212955502295, -3.490807246048345], [153.21246661681948, -3.490694577113467], [153.21196890145237, -3.4906314683945356], [153.21146736725763, -3.490618555278455], [153.21096706374766, -3.490655967776182], [153.21047302804422, -3.4907433292137546], [153.20999023416388, -3.490879760024698], [153.2095235429391, -3.491063886605615], [153.20907765307874, -3.491293855145806], [153.20865705386066, -3.4915673502916724], [153.1997260562633, -3.4980346244139073], [153.19972153475186, -3.4980377323661775], [153.19965757452346, -3.4980752768818806], [153.19961712352296, -3.4980296111383957], [153.19960294943562, -3.4980110980019834], [153.1749553204227, -3.4639738960317623], [153.174952224189, -3.4639693926661868], [153.17491479013432, -3.463905685685078]]], [[[152.9034387521579, -4.103771615584012], [152.90349065605074, -4.103674915287762], [152.94646046198872, -4.032094841450231], [152.94652326139706, -4.032000769433173], [152.94660638897955, -4.032077470900214], [152.98967190591367, -4.075819961182513], [153.00684261480288, -4.093524204512835], [153.0069158107139, -4.093607435392283], [153.00680614891914, -4.093623635988404], [152.90354836518708, -4.103766143363167], [152.9034387521579, -4.103771615584012]]]]}}, {"type": "Feature", "properties": {"title": "Taulil", "fill": "#242424", "family": "Other", "cldf:languageReference": "taul1251", "fill-opacity": 0.9, "group": "taul1250", "stroke": "#000"}, "geometry": {"coordinates": [[[152.00075549580316, -4.408363159130743], [152.0707768074533, -4.417857574269746], [152.1701767995384, -4.40921409669713], [152.1743664641827, -4.471216419364051], [152.14424636682057, -4.474040178491752], [152.07509854623962, -4.480522786671214], [152.01243333383815, -4.461074962132828], [152.00075549580316, -4.408363159130743]]], "type": "Polygon"}}, {"type": "Feature", "properties": {"title": "Tiang", "fill": "#fdb97d", "family": "Austronesian", "cldf:languageReference": "tian1237", "fill-opacity": 0.9, "group": "newi1242", "stroke": "#000"}, "geometry": {"coordinates": [[[150.8824462890625, -2.9686107635498047], [150.91702816531037, -2.912274855339059], [150.94134521484375, -2.9219446182250977], [151.02198791503906, -2.9685416221618652], [150.9971160888672, -2.98354172706604], [150.8824462890625, -2.9686107635498047]]], "type": "Polygon"}}, {"type": "Feature", "properties": {"title": "Tigak", "fill": "#fdb97d", "family": "Austronesian", "cldf:languageReference": "tiga1245", "fill-opacity": 0.9, "group": "newi1242", "stroke": "#000"}, "geometry": {"type": "MultiPolygon", "coordinates": [[[[150.73011163872133, -2.737500794026072], [150.73015300412234, -2.737456204114617], [150.73016990045383, -2.737440388896584], [150.74920617557223, -2.72054043739784], [150.74921031053358, -2.720536936413187], [150.7492713672833, -2.7204920068618006], [150.74933182181883, -2.720482062152862], [150.74935473929597, -2.720479883724996], [150.82431077529955, -2.7152839854255357], [150.82446237392475, -2.715271156491292], [150.87947686507187, -2.7097714196633556], [150.8799476230739, -2.709701596789817], [150.8804096103309, -2.709587333477718], [150.880858641454, -2.7094296648993277], [150.88129064843085, -2.7092300194583676], [150.88170171747987, -2.70899020584934], [150.88208812450736, -2.708712396671598], [150.88244636884602, -2.7083991087466126], [150.8827732049694, -2.7080531803167434], [150.88306567189477, -2.7076777453320866], [150.8833211200083, -2.707276205058353], [150.88353723506933, -2.7068521972629855], [150.88371205917628, -2.7064095632586853], [150.88384400850433, -2.7059523131029124], [150.88393188765423, -2.7054845892686363], [150.88397490048183, -2.7050106291154643], [150.884934289492, -2.6826585179716744], [150.8849297562047, -2.6821420433642595], [150.88487196705412, -2.6816287919786084], [150.8847615386888, -2.6811242405472053], [150.8845996494526, -2.680633772968251], [150.87459846744258, -2.654885425658604], [150.87439712182632, -2.6544344290016717], [150.87415226337126, -2.6540054973302665], [150.87386628128908, -2.653602815954472], [150.8735419660561, -2.6532303140465383], [150.87318248218529, -2.652891626301905], [150.87279133734827, -2.6525900574735783], [150.87237234814927, -2.652328550125937], [150.87192960288448, -2.6521096559225916], [150.87146742165044, -2.651935510728475], [150.8709903141905, -2.6518078137690924], [150.8705029358911, -2.6517278110502915], [150.85236692232723, -2.6496643835013143], [150.8522654074595, -2.6496485678519117], [150.852167871143, -2.6496162867415625], [150.82719681372635, -2.640191913783622], [150.82706102425718, -2.6401311613785166], [150.8269334546146, -2.640054639348502], [150.79285732838053, -2.616736253700195], [150.79276213471616, -2.61666394130308], [150.79279372836206, -2.6165486470795463], [150.81055525885344, -2.562405606954583], [150.8105960439226, -2.5622988616409472], [150.81070417269464, -2.5623358231411966], [150.83624554919905, -2.572459033478554], [150.83634682481252, -2.572504511612894], [150.83643242218932, -2.572575208852142], [150.9064937665938, -2.635916437894501], [150.9065560107272, -2.635971776585882], [150.9663062013473, -2.6882087363913887], [150.96678727398663, -2.688580243932587], [150.96730987065152, -2.6888906331452187], [150.97346814511903, -2.692058668904173], [151.08655229989694, -2.7502331864570317], [151.0866373860487, -2.750281262325533], [151.08671844808876, -2.7503358506766364], [151.09528097683182, -2.75660303217572], [151.09536845244227, -2.7566739074753825], [151.09526466723668, -2.7567175414257554], [151.0551141509206, -2.7713226302294354], [151.05472880232583, -2.7714812837599734], [151.0095030012249, -2.7923460258584276], [151.00949801442934, -2.792348184539114], [151.00942719083093, -2.7923732028616244], [151.00937116974592, -2.7923480643883978], [151.00935080707063, -2.7923371807404487], [151.00263109802967, -2.7885191787240307], [151.00224360929477, -2.7883208104214776], [151.0018403350296, -2.7881568977307007], [151.00142433201285, -2.788028683093521], [150.92796978231144, -2.7688477423748243], [150.92751680929774, -2.7687516204389304], [150.92705688636616, -2.7686978163991305], [150.92659395825686, -2.7686867917304725], [150.92613199548532, -2.7687186409910907], [150.90332938014305, -2.7713561893746674], [150.9027675112635, -2.7714539216855405], [150.86916093415397, -2.779297157082138], [150.8691312282565, -2.779303763873011], [150.86908521159154, -2.7793130781794], [150.826035015003, -2.787482680139124], [150.826028917143, -2.7874836690953915], [150.8259400261802, -2.7874910667992485], [150.82587193585852, -2.787481918231936], [150.82584617229313, -2.7874763885759193], [150.75243749732797, -2.7694659685709127], [150.75243179008717, -2.769464411306613], [150.75235368699293, -2.769436668861952], [150.75230996004356, -2.769385945481789], [150.7522949838643, -2.769365679892975], [150.73015098657015, -2.7375697551088582], [150.73014798275963, -2.737565211219293], [150.73011163872133, -2.737500794026072]]], [[[150.76706852116442, -2.981941542123154], [150.76709535399908, -2.9818885434173565], [150.76710701596198, -2.9818690222171322], [150.77299048227516, -2.972579252165175], [150.77299394769696, -2.9725740922858974], [150.77305173286004, -2.972501069153479], [150.7730982651393, -2.9724539729742063], [150.773118318309, -2.972436621569425], [150.79171956432535, -2.957270565962813], [150.7917235808819, -2.9572674340761402], [150.79183514979556, -2.957191254965145], [150.7918493050496, -2.957182889719318], [150.87488244771836, -2.9107345118665107], [150.8748872664261, -2.9107319630500887], [150.874957933066, -2.9107005525486573], [150.87501857233724, -2.9106923721771354], [150.8750416891131, -2.910690850713035], [150.909469654432, -2.9093092445485818], [150.90947570207803, -2.909309160197213], [150.90956280106164, -2.909314573343882], [150.90962751327055, -2.9093327503903197], [150.9096517313491, -2.909341589637882], [150.91694943205624, -2.912243546775176], [150.91695437400327, -2.91224565187525], [150.91701850885354, -2.9122784822400507], [150.91699251922307, -2.912331778187508], [150.9169811001582, -2.912351527237146], [150.88248992801888, -2.9685396731259326], [150.88248699938094, -2.968544198524748], [150.8824428909672, -2.9686029887924326], [150.88238392273368, -2.968589866832134], [150.88236197145912, -2.9685833556234784], [150.87250177215884, -2.965378240616557], [150.8718725701642, -2.965218041941689], [150.8559965571791, -2.962257919408853], [150.85561011982097, -2.9622013830777836], [150.83623252063333, -2.9601355976592667], [150.83573273760615, -2.9601075164973403], [150.83523265140752, -2.960129548743559], [150.83473727433395, -2.9602014735716913], [150.83425157148295, -2.960322570088892], [150.8337804109887, -2.9604916245611106], [150.77367084498266, -2.985522020512519], [150.77366551522482, -2.9855240851743825], [150.77358967486327, -2.985547291183074], [150.77353025803123, -2.9855218082730905], [150.77350866254557, -2.9855106228946373], [150.76713276311682, -2.9819849311361892], [150.7671281406008, -2.9819822283359176], [150.76706852116442, -2.981941542123154]]], [[[150.64155722959086, -2.709600209545462], [150.64161644423865, -2.7095897519721355], [150.64163926473097, -2.709587356012229], [150.6828469812895, -2.7063498190594495], [150.6828528212946, -2.7063495105457798], [150.68293395955527, -2.7063512727407875], [150.6829827345464, -2.70639595624146], [150.682999790886, -2.7064140987770475], [150.68715172900409, -2.7110850291599102], [150.68749651849373, -2.711436436305345], [150.6878741947998, -2.7117522327300527], [150.68828109647478, -2.7120293568916045], [150.68871327874083, -2.712265122162439], [150.68916655173308, -2.712457242875831], [150.68963652111904, -2.71260385648468], [150.6901186307001, -2.7127035416182896], [150.69060820658257, -2.71275533186209], [150.6911005024893, -2.7127587251267076], [150.69159074577345, -2.7127136885155596], [150.69207418368777, -2.7126206586437713], [150.69254612946065, -2.71248053740534], [150.6930020077332, -2.7122946832295667], [150.69343739891553, -2.7120648979115325], [150.69384808203336, -2.7117934091442866], [150.69423007564905, -2.7114828489220977], [150.69457967646014, -2.7111362280241336], [150.69489349520182, -2.7107569068259476], [150.69516848950465, -2.7103485627217454], [150.69540199338934, -2.7099151544732556], [150.69559174311257, -2.7094608838308396], [150.6957358991132, -2.708990154798902], [150.69583306384624, -2.7085075309405204], [150.69588229533156, -2.7080176911351987], [150.69588311628613, -2.7075253842186733], [150.69494978498517, -2.687925426899126], [150.69494965643085, -2.687919910485942], [150.69495323734924, -2.6878442653389856], [150.69500619348298, -2.687811804077237], [150.6950270057749, -2.6878009898710333], [150.7314533617901, -2.670080059917692], [150.73145825697918, -2.670077827489868], [150.73152457278204, -2.670053218290535], [150.73152636741943, -2.6701113159250967], [150.73152541386844, -2.670134145995049], [150.7305283344163, -2.684613307224031], [150.73051913198807, -2.685118370088386], [150.73056093754712, -2.685621783911069], [150.73065332438716, -2.686118410383807], [150.73079534952242, -2.6866031804763146], [150.7309855633127, -2.687071146175517], [150.73122202425964, -2.6875175309895596], [150.73150231882357, -2.6879377787011127], [150.73182358605825, -2.688327599872352], [150.73218254681242, -2.6886830156269412], [150.74333347779952, -2.6986601644048887], [150.74333747566928, -2.698663922125087], [150.74338775540647, -2.6987184423004935], [150.74335172949688, -2.698767674171664], [150.74333665154668, -2.6987854589004705], [150.72664566096287, -2.7174400954353395], [150.72664173649488, -2.717444268315448], [150.72658236060045, -2.717498911196515], [150.72652146224112, -2.717520748157716], [150.72649798199524, -2.7175272980516487], [150.7108481451108, -2.7214397572727633], [150.71084279143636, -2.7214409600918357], [150.71076781193173, -2.7214523922497422], [150.71071728661417, -2.721416460127184], [150.71069927069274, -2.7214016520175135], [150.7061085536429, -2.717423030574321], [150.7057266295504, -2.717123226210601], [150.70531742718126, -2.7168618795251493], [150.70488480529198, -2.716641455003292], [150.70443284348397, -2.716464031236533], [150.70396580373298, -2.716331281321547], [150.70348809019902, -2.716244457082964], [150.7030042076953, -2.716204377268731], [150.70251871920803, -2.7162114198293628], [150.70203620286784, -2.7162655183538864], [150.7015612087781, -2.7163661626960973], [150.70109821610774, -2.716512403785206], [150.70065159085308, -2.7167028625755294], [150.70022554466644, -2.7169357430508145], [150.69982409514066, -2.7172088491605795], [150.69945102792346, -2.7175196055287496], [150.69910986101877, -2.7178650817393186], [150.69880381161235, -2.718242019970016], [150.69853576573382, -2.7186468657133944], [150.69830825104157, -2.7190758012956495], [150.69812341298697, -2.719524781877079], [150.6979829945831, -2.719989573594704], [150.69788831996797, -2.7204657934873757], [150.69784028191822, -2.7209489508268603], [150.69783933343004, -2.721434489465172], [150.69788548344766, -2.7219178307988026], [150.6979782967789, -2.7223944169447107], [150.69811689819892, -2.7228597537209156], [150.69829998070375, -2.7233094530263933], [150.69852581783513, -2.7237392742206366], [150.69879227996088, -2.724145164112669], [150.6990968543574, -2.724523295182418], [150.69988979913532, -2.7254153580575697], [150.72356492570444, -2.752049875447827], [150.72356830540062, -2.7520538683802367], [150.72360882044055, -2.7521092201295962], [150.7235543680076, -2.7521238264650583], [150.72353257514618, -2.7521280498042295], [150.70590398298728, -2.7550661484973835], [150.70589857421518, -2.7550669195247868], [150.7058212719224, -2.7550725854656957], [150.70576131260358, -2.7550597006606394], [150.70573899835588, -2.755053279131781], [150.66832629824648, -2.7432387422551328], [150.6683211035322, -2.743236966495361], [150.66818653097747, -2.7431804381231824], [150.66817069280984, -2.7431724266667734], [150.64261785747252, -2.7294132076389674], [150.6426127892466, -2.729410308364836], [150.64254592596922, -2.7293651271234873], [150.6425358990442, -2.729299951557007], [150.64253396416743, -2.7292751664168664], [150.641554137082, -2.709678624708554], [150.64155399740832, -2.7096732245946282], [150.64155722959086, -2.709600209545462]]], [[[150.5802545693547, -2.6354309420539495], [150.58028974432105, -2.635383342890315], [150.58030464410604, -2.63536593221335], [150.60327376541886, -2.609928915498394], [150.60327749089208, -2.6099249902158443], [150.6033304396678, -2.6098767179332683], [150.60335972102254, -2.6099278404377775], [150.60336967401216, -2.609948561847869], [150.60990795875537, -2.624556591917421], [150.62258275893743, -2.6528750071373577], [150.62258490605464, -2.652880137790988], [150.62260928452764, -2.652952462071376], [150.62257104907127, -2.6530020230649978], [150.62255530777077, -2.6530196680511806], [150.6158997076735, -2.660091243154585], [150.61589585039124, -2.6600951450531367], [150.615840080379, -2.6601440347985714], [150.61579177207173, -2.6601067795854054], [150.61577437298934, -2.6600912582138996], [150.59960504412496, -2.644873066341564], [150.59920757871703, -2.6445362541450503], [150.59877722402805, -2.644242628451515], [150.5983186523536, -2.643995377110561], [150.58032115518103, -2.6354702468709204], [150.58031633732037, -2.635467818407342], [150.5802545693547, -2.6354309420539495]]], [[[150.53377763867437, -2.6819022332181737], [150.53378656235222, -2.6818418841391236], [150.5337916118461, -2.681819121367821], [150.53770421646968, -2.6661687028735748], [150.53770564937113, -2.666163507950685], [150.5377298226481, -2.666095042519956], [150.53778813060936, -2.6661080934645387], [150.53781005984618, -2.6661146510046656], [150.5603382969577, -2.6735009582543534], [150.57815105947475, -2.6793412082599426], [150.5965852011256, -2.6853851891290774], [150.59706333899325, -2.6855160932898925], [150.5975520895553, -2.685599006545021], [150.59804664836014, -2.6856331138514635], [150.59854215386068, -2.685618079932052], [150.59903373520373, -2.685554052571249], [150.59951656011094, -2.685441661162414], [150.6187250569207, -2.6799535192167605], [150.61873023097706, -2.679952176685342], [150.6187999613008, -2.6799392875157246], [150.61879954259558, -2.6799976158786776], [150.6187977656977, -2.6800202436987712], [150.61683861179023, -2.6986322058198953], [150.6168378861137, -2.6986377840408413], [150.61682227410753, -2.6987145889789774], [150.61677702637593, -2.6987593747218703], [150.6167588671024, -2.6987749513652175], [150.60235662220688, -2.7104767753427854], [150.60200088285777, -2.710795182103873], [150.601677133521, -2.711146066296978], [150.60138832592747, -2.711526228793718], [150.60113709323244, -2.711932203525636], [150.60092572600828, -2.7123602890855047], [150.6007561513606, -2.7128065824742946], [150.60062991535807, -2.7132670146861155], [150.59501721275356, -2.7383861252894595], [150.5950159677059, -2.7383911195843176], [150.5949954175949, -2.7384540451195982], [150.59496174053325, -2.738411489465184], [150.5949494491979, -2.7383934468122737], [150.58024361577299, -2.7155272437301012], [150.56445467198768, -2.6909769047852996], [150.56418136536098, -2.69059299517091], [150.56387312885747, -2.690236521662585], [150.56353270064199, -2.6899106509300506], [150.5631631048487, -2.68961827778866], [150.56276762471686, -2.689361999483807], [150.56234977342467, -2.6891440926187515], [150.56191326288064, -2.6889664929308137], [150.56146197074938, -2.688830778095597], [150.53385282428235, -2.681928491478836], [150.5338475357007, -2.681927030540017], [150.53377763867437, -2.6819022332181737]]], [[[150.52883414436238, -2.603787091663212], [150.52884986276024, -2.6037281461342], [150.52885746423192, -2.6037061039317475], [150.53472842258392, -2.5880502149930007], [150.5347305209536, -2.5880450078498747], [150.53476516737442, -2.58797395488798], [150.5348125658789, -2.587931877254883], [150.53483149708242, -2.587917327294334], [150.54556664668075, -2.580109945768257], [150.54557109048437, -2.5801068756646393], [150.5456337175107, -2.58006983500516], [150.5456699229713, -2.5801175229621705], [150.5456824730842, -2.580136728270141], [150.55396612300268, -2.5935726735501103], [150.55396903226972, -2.59357767122261], [150.55400419599655, -2.59364980289378], [150.5539875373129, -2.593713055420962], [150.55397953315688, -2.59373633202439], [150.54760268093432, -2.6107412712845663], [150.54760062894263, -2.6107463597806366], [150.54756805542448, -2.6108129891078136], [150.5475091098956, -2.610797270709995], [150.547487067693, -2.610789669238289], [150.52890586218462, -2.6038217171726625], [150.52890077369025, -2.603819665181673], [150.52883414436238, -2.603787091663212]]], [[[150.4912600893922, -2.486123735639613], [150.4913030454787, -2.486079428926069], [150.49132058132454, -2.486063765218583], [150.5040394304724, -2.4753016620934885], [150.50404374700832, -2.4752981880973213], [150.50410577885157, -2.475255186676506], [150.5041577809172, -2.4752889886649756], [150.50417656024882, -2.4753032054105377], [150.52381711073025, -2.4910156457957107], [150.52382126909205, -2.4910191359052907], [150.5238759834016, -2.491071827126651], [150.52389598529024, -2.491129868797249], [150.52390199260816, -2.4911521410663653], [150.53177196952984, -2.5236157958681558], [150.53177309221675, -2.5236209686641526], [150.5317831512943, -2.5236905665919207], [150.53172530709065, -2.523689177069099], [150.53170293730204, -2.52368706145068], [150.5163156782982, -2.521824300421743], [150.51631037072107, -2.5218235319167523], [150.51623763267074, -2.5218079081297984], [150.51619836738266, -2.521761668766645], [150.51618483418483, -2.5217433447029536], [150.50509394688424, -2.505899219987838], [150.49130007582173, -2.486193689898506], [150.4912970163396, -2.486189081418318], [150.4912600893922, -2.486123735639613]]], [[[150.5353566999878, -2.532658193900571], [150.53545923614743, -2.532649244383099], [150.53557185718833, -2.5326282472297206], [150.53574491111604, -2.5326054253152064], [150.5357962907613, -2.532647277680452], [150.53581408412904, -2.532664111501659], [150.54656625279029, -2.5434162801628903], [150.54656996743404, -2.5434201724014933], [150.54661790804653, -2.5434777622185125], [150.54662590912193, -2.5435381109079374], [150.54662736806205, -2.543560920495669], [150.54760947655635, -2.5690957413474176], [150.54760954909472, -2.5691011333444296], [150.54760534827372, -2.5691718685534233], [150.54755149784773, -2.569149733348086], [150.54753100397653, -2.5691395066085123], [150.53285549817397, -2.5613125701804944], [150.53285062372723, -2.5613098167634676], [150.53278488896512, -2.5612663165418157], [150.53274939838255, -2.561214021717332], [150.53273744999078, -2.5611934290360203], [150.52095519434468, -2.53959262701812], [150.5209527397461, -2.5395878578662607], [150.5209242256859, -2.5395214260178625], [150.52097547742127, -2.5394912094461044], [150.52099586072273, -2.5394810409410953], [150.5344682963768, -2.5331939043025486], [150.53490660110626, -2.532962239589613], [150.53531980945974, -2.532688308153446], [150.5353566999878, -2.532658193900571]]]]}}, {"type": "Feature", "properties": {"title": "Tomoip", "fill": "#fdb97d", "family": "Austronesian", "cldf:languageReference": "tomo1244", "fill-opacity": 0.9, "group": "newi1242", "stroke": "#000"}, "geometry": {"coordinates": [[[151.8203982949372, -5.314251829540215], [151.82875943542007, -5.2714009845656005], [151.86117247631736, -5.189287947625746], [151.89574638660784, -5.16984012308736], [151.92383768871883, -5.20225316398467], [151.982181162334, -5.267079245779292], [151.9735376847614, -5.312457503035527], [151.93896377447092, -5.349192282719146], [151.8827811702489, -5.351353152112301], [151.8203982949372, -5.314251829540215]]], "type": "Polygon"}}, {"type": "Feature", "properties": {"title": "Tungak", "fill": "#fdb97d", "family": "Austronesian", "cldf:languageReference": "tung1290", "fill-opacity": 0.9, "group": "newi1242", "stroke": "#000"}, "geometry": {"coordinates": [[[150.36773681640625, -2.686666488647461], [150.35635375976562, -2.668055534362793], [150.34426879882812, -2.662916660308838], [150.2733154296875, -2.6727776527404785], [150.25747680664062, -2.6777777671813965], [150.24246215820312, -2.6830554008483887], [150.1873321533203, -2.6855552196502686], [150.10940551757812, -2.625], [149.96913146972656, -2.4976391792297363], [149.95010375976562, -2.4707634449005127], [149.96078491210938, -2.4600000381469727], [150.0799560546875, -2.4141664505004883], [150.189697265625, -2.3772220611572266], [150.20608520507812, -2.3744444847106934], [150.21636962890625, -2.377777576446533], [150.24801635742188, -2.390000343322754], [150.41720581054688, -2.4605555534362793], [150.44468688964844, -2.4777774810791016], [150.46719360351562, -2.544722557067871], [150.468017578125, -2.5577778816223145], [150.45899963378906, -2.650972366333008], [150.44607543945312, -2.6654164791107178], [150.41943359375, -2.6624999046325684], [150.40414428710938, -2.664583206176758], [150.37188720703125, -2.6838889122009277], [150.36773681640625, -2.686666488647461]]], "type": "Polygon"}}, {"type": "Feature", "properties": {"title": "Bali", "fill": "#fedfc0", "family": "Austronesian", "cldf:languageReference": "unea1237", "fill-opacity": 0.9, "group": "bali1280", "stroke": "#000"}, "geometry": {"coordinates": [[[149.1274085872085, -4.854249243170243], [149.14363679638606, -4.856845756638655], [149.14947895168999, -4.849056216233421], [149.1654765092534, -4.861054384405978], [149.17154931617148, -4.876319607651737], [149.15778209400932, -4.881796480190247], [149.15597023536102, -4.903582999070053], [149.14818069495578, -4.910723411108182], [149.13909289781634, -4.9087760260068745], [149.1326016141453, -4.916565566412107], [149.11247863476513, -4.9087760260068745], [149.12156643190457, -4.902284742335847], [149.105338222727, -4.888003918259586], [149.1141892393636, -4.8744670692859335], [149.1193237438466, -4.866614297723693], [149.1326016141453, -4.8672318105122985], [149.1274085872085, -4.854249243170243]]], "type": "Polygon"}}, {"id": "3614", "type": "Feature", "properties": {"LANGUAGE": "Usen", "COUNTRY_NAME": "", "ISLAND_NAME": "Papua New Guinea", "SOVEREIGN": "", "cldf:languageReference": ["usen1237"], "title": "Usen", "family": "Austronesian", "group": "newi1242", "stroke": "#000", "fill": "#fdb97d", "fill-opacity": 0.9}, "geometry": {"coordinates": [[[152.23717679720477, -3.5418518832479746], [152.2876206566532, -3.4988541416407073], [152.306640625, -3.5063891410827637], [152.32717895507812, -3.5199999809265137], [152.35995483398438, -3.545416831970215], [152.38365750539464, -3.5845040956268193], [152.32056525313095, -3.6150794196808853], [152.28594970703125, -3.576111078262329], [152.23717679720477, -3.5418518832479746]]], "type": "Polygon"}}, {"type": "Feature", "geometry": {"type": "Polygon", "coordinates": [[[150.526, -6.19889], [150.52561570560806, -6.202791806440322], [150.52447759065024, -6.206543668647301], [150.52262939224605, -6.2100014046603915], [150.52014213562373, -6.21303213562373], [150.5171114046604, -6.21551939224605], [150.5136536686473, -6.217367590650225], [150.50990180644033, -6.218505705608064], [150.506, -6.218889999999999], [150.50209819355968, -6.218505705608064], [150.4983463313527, -6.217367590650225], [150.4948885953396, -6.21551939224605], [150.49185786437627, -6.21303213562373], [150.48937060775395, -6.2100014046603915], [150.48752240934976, -6.206543668647301], [150.48638429439194, -6.202791806440322], [150.486, -6.19889], [150.48638429439194, -6.194988193559677], [150.48752240934976, -6.191236331352698], [150.48937060775395, -6.187778595339608], [150.49185786437627, -6.184747864376269], [150.4948885953396, -6.182260607753949], [150.4983463313527, -6.180412409349774], [150.50209819355968, -6.179274294391935], [150.506, -6.17889], [150.50990180644033, -6.179274294391935], [150.5136536686473, -6.180412409349774], [150.5171114046604, -6.182260607753949], [150.52014213562373, -6.184747864376269], [150.52262939224605, -6.187778595339608], [150.52447759065024, -6.191236331352698], [150.52561570560806, -6.194988193559677], [150.526, -6.19889]]]}, "properties": {"cldf:languageReference": "lesi1239", "title": "Atui", "family": "Austronesian", "group": "nger1241", "stroke": "#000", "fill": "#fd8c3b", "fill-opacity": 0.9}}]}